teacher_id,first_name,last_name,email,department_id
1,Jeralee,Cogdell,jcogdell0@oakley.com,9
2,Ulick,Bampkin,ubampkin1@ft.com,8
3,Bondy,Gateland,bgateland2@stanford.edu,5
4,Chrisse,Midner,cmidner3@forbes.com,5
5,Pammie,Estoile,pestoile4@nba.com,9
6,Winnifred,Kermitt,wkermitt5@omniture.com,4
7,Godfry,Grennan,ggrennan6@liveinternet.ru,1
8,Zacherie,Fullom,zfullom7@discuz.net,1
9,Gino,Duddy,gduddy8@apple.com,1
10,Ginny,Orrum,gorrum9@umn.edu,2
11,Casi,Amoore,camoorea@indiegogo.com,1
12,Xaviera,Fox,xfoxb@wordpress.com,7
13,Lester,Belcher,lbelcherc@google.com.br,4
14,Jilly,Ilem,jilemd@blog.com,2
15,Adolf,Gyse,agysee@ebay.co.uk,3
16,Clayton,Schooley,cschooleyf@utexas.edu,6
17,Leoline,Renault,lrenaultg@tiny.cc,5
18,Sheryl,Poskitt,sposkitth@google.ca,10
19,Garth,Drewitt,gdrewitti@netscape.com,9
20,Sayres,Raiment,sraimentj@hibu.com,4
21,Hakeem,Marjot,hmarjotk@mozilla.com,6
22,Shurlock,Kerwen,skerwenl@seesaa.net,2
23,Stephenie,Cregeen,scregeenm@weibo.com,8
24,Sterne,Garret,sgarretn@github.com,7
25,Kristofer,Stoile,kstoileo@shutterfly.com,2
26,Teresita,Sammes,tsammesp@usnews.com,8
27,Libbi,Gavrielli,lgavrielliq@omniture.com,1
28,Cherie,Brazur,cbrazurr@upenn.edu,4
29,Alan,McLeese,amcleeses@biglobe.ne.jp,5
30,Ivory,De Beauchemp,idebeauchempt@jimdo.com,2
31,Phineas,Pemberton,ppembertonu@yolasite.com,1
32,Sal,Paylor,spaylorv@hexun.com,8
33,Zia,Tregensoe,ztregensoew@dropbox.com,1
34,Gill,McGlade,gmcgladex@bloomberg.com,7
35,Felipe,Hew,fhewy@auda.org.au,10
36,Daryl,Cuzen,dcuzenz@narod.ru,1
37,Skipton,Winchcum,swinchcum10@loc.gov,8
38,Mord,Tourmell,mtourmell11@addtoany.com,9
39,Ware,Alps,walps12@booking.com,5
40,Melicent,Kenneway,mkenneway13@stumbleupon.com,2
41,Garrick,Lighton,glighton14@mapquest.com,5
42,Irwin,Foy,ifoy15@free.fr,2
43,Mada,Rodolfi,mrodolfi16@washington.edu,3
44,Estelle,Charon,echaron17@blogspot.com,6
45,Wallis,Milesop,wmilesop18@hud.gov,2
46,Shirleen,June,sjune19@yale.edu,7
47,Geri,Shrimpling,gshrimpling1a@ask.com,10
48,Klaus,Clint,kclint1b@nifty.com,1
49,Teresita,Binnall,tbinnall1c@reddit.com,9
50,Ingrid,Dudny,idudny1d@creativecommons.org,6
