student_id,first_name,last_name,email,age_category,sex,wsh,dca
1,Jimmy,Bees,jbees0@npr.org,26+,Male,more than 20 hours,No
2,Ashlin,McKinney,amckinney1@delicious.com,26+,Genderqueer,None,No
3,Kathleen,Fenty,kfenty2@github.com,18-21,Female,more than 20 hours,Yes
4,Emmye,McMonnies,emcmonnies3@edublogs.org,26+,Female,more than 20 hours,Yes
5,Leeanne,Wickardt,lwickardt4@wikia.com,18-21,Female,6-10 hours,No
6,Angel,Konert,akonert5@reverbnation.com,22-25,Male,11-20 hours,No
7,Loutitia,Gidney,lgidney6@dailymotion.com,26+,Female,more than 20 hours,No
8,Arley,Krimmer,akrimmer7@ihg.com,22-25,Male,6-10 hours,No
9,Riva,Conant,rconant8@dailymail.co.uk,26+,Female,more than 20 hours,Yes
10,Morganne,Befroy,mbefroy9@ucoz.com,26+,Non-binary,None,Yes
11,Letizia,Patience,lpatiencea@boston.com,18-21,Female,None,Yes
12,Elisabetta,Kaesmakers,ekaesmakersb@hud.gov,26+,Female,None,Yes
13,Binny,Bolesma,bbolesmac@rakuten.co.jp,22-25,Bigender,None,No
14,Etan,Gavozzi,egavozzid@si.edu,26+,Male,6-10 hours,No
15,Alidia,Eim,aeime@is.gd,22-25,Female,6-10 hours,Yes
16,Mackenzie,Kornilov,mkornilovf@list-manage.com,26+,Male,6-10 hours,No
17,Shirley,Gildersleeve,sgildersleeveg@infoseek.co.jp,18-21,Female,6-10 hours,No
18,Fairleigh,Bonhill,fbonhillh@rakuten.co.jp,22-25,Male,more than 20 hours,No
19,Cad,Brewett,cbrewetti@feedburner.com,26+,Male,None,No
20,Jude,Dyster,jdysterj@sohu.com,22-25,Male,None,No
21,Aland,Losbie,alosbiek@earthlink.net,18-21,Male,more than 20 hours,Yes
22,Goran,Parkes,gparkesl@hubpages.com,22-25,Agender,6-10 hours,No
23,D'arcy,Rault,draultm@cdbaby.com,18-21,Male,more than 20 hours,No
24,Burg,Inglesfield,binglesfieldn@facebook.com,26+,Male,11-20 hours,No
25,Dorisa,Floris,dfloriso@unicef.org,22-25,Female,<5 hours,No
26,Delores,Philo,dphilop@nih.gov,22-25,Genderfluid,more than 20 hours,No
27,Ellary,Pren,eprenq@domainmarket.com,18-21,Male,<5 hours,No
28,Fons,Vidgen,fvidgenr@jugem.jp,18-21,Male,more than 20 hours,Yes
29,Allyce,Alpin,aalpins@cargocollective.com,26+,Female,None,Yes
30,Debby,Emmanuel,demmanuelt@loc.gov,18-21,Female,11-20 hours,Yes
31,Skylar,Lesor,slesoru@sciencedirect.com,18-21,Male,6-10 hours,Yes
32,Iver,Ferruzzi,iferruzziv@yolasite.com,26+,Male,more than 20 hours,Yes
33,Clarabelle,Clint,cclintw@tumblr.com,22-25,Female,<5 hours,No
34,Hewet,Gianinotti,hgianinottix@networkadvertising.org,22-25,Male,6-10 hours,Yes
35,Irwin,Finnick,ifinnicky@fda.gov,22-25,Male,11-20 hours,No
36,Kleon,Angove,kangovez@tuttocitta.it,18-21,Male,11-20 hours,Yes
37,Star,Berthod,sberthod10@slashdot.org,18-21,Female,11-20 hours,No
38,Oliy,Boice,oboice11@addthis.com,18-21,Female,11-20 hours,No
39,Dagny,Davidsen,ddavidsen12@jalbum.net,26+,Male,None,Yes
40,Basil,Sarvar,bsarvar13@washington.edu,22-25,Male,None,Yes
41,Bar,Duckers,bduckers14@devhub.com,26+,Male,None,No
42,Karoly,Blaszczyk,kblaszczyk15@google.com,18-21,Male,6-10 hours,Yes
43,Aura,Farrant,afarrant16@github.com,26+,Female,more than 20 hours,No
44,Matilde,Breston,mbreston17@github.io,18-21,Female,more than 20 hours,No
45,Gaylord,Grinnov,ggrinnov18@altervista.org,26+,Male,6-10 hours,Yes
46,Eve,Vaux,evaux19@about.me,26+,Polygender,11-20 hours,No
47,Theobald,Keenan,tkeenan1a@paginegialle.it,26+,Male,<5 hours,Yes
48,Hilary,O'Donovan,hodonovan1b@usda.gov,18-21,Female,6-10 hours,Yes
49,Lonny,Coutthart,lcoutthart1c@oakley.com,26+,Male,6-10 hours,No
50,Rey,Ateggart,rateggart1d@cyberchimps.com,22-25,Male,<5 hours,No
51,Hillard,Burgan,hburgan1e@columbia.edu,22-25,Male,None,Yes
52,Diannne,Hawke,dhawke1f@privacy.gov.au,22-25,Female,<5 hours,No
53,Timmy,Mawditt,tmawditt1g@nps.gov,18-21,Female,6-10 hours,No
54,Libbey,Osborn,losborn1h@gizmodo.com,18-21,Female,11-20 hours,Yes
55,Carlin,Tomczykowski,ctomczykowski1i@free.fr,18-21,Female,11-20 hours,No
56,Mahalia,Facer,mfacer1j@homestead.com,22-25,Female,6-10 hours,No
57,Dana,Primarolo,dprimarolo1k@xinhuanet.com,22-25,Female,6-10 hours,No
58,Eada,Tincey,etincey1l@wordpress.org,26+,Female,<5 hours,Yes
59,Taite,Duigenan,tduigenan1m@nhs.uk,26+,Male,<5 hours,No
60,Gratia,O'Leahy,goleahy1n@foxnews.com,22-25,Female,6-10 hours,Yes
61,Gaynor,Hanigan,ghanigan1o@chicagotribune.com,18-21,Genderfluid,6-10 hours,No
62,Leonore,Cockrill,lcockrill1p@symantec.com,18-21,Female,<5 hours,No
63,Harrison,Laurent,hlaurent1q@diigo.com,26+,Male,<5 hours,Yes
64,Greg,Miranda,gmiranda1r@booking.com,18-21,Male,more than 20 hours,Yes
65,Alfons,Sabberton,asabberton1s@yandex.ru,18-21,Male,more than 20 hours,No
66,Dallis,Hyslop,dhyslop1t@cbsnews.com,18-21,Male,11-20 hours,No
67,Yolande,Tullis,ytullis1u@amazon.co.uk,26+,Female,more than 20 hours,No
68,Britney,Brugmann,bbrugmann1v@cmu.edu,22-25,Female,6-10 hours,No
69,Leonanie,Threadgill,lthreadgill1w@cbc.ca,26+,Female,more than 20 hours,No
70,Dode,Ernshaw,dernshaw1x@mtv.com,22-25,Female,None,Yes
71,Sterne,Geaveny,sgeaveny1y@java.com,22-25,Male,<5 hours,Yes
72,Madelene,Revance,mrevance1z@pbs.org,22-25,Female,<5 hours,Yes
73,Joycelin,Cantle,jcantle20@moonfruit.com,22-25,Female,11-20 hours,Yes
74,Dorthea,Murcott,dmurcott21@examiner.com,22-25,Female,<5 hours,No
75,Car,Ionnisian,cionnisian22@chronoengine.com,26+,Male,6-10 hours,No
76,Cullie,Pilling,cpilling23@zimbio.com,26+,Male,<5 hours,Yes
77,Iver,O'Bradden,iobradden24@washingtonpost.com,26+,Male,6-10 hours,No
78,Fabian,Dillinger,fdillinger25@columbia.edu,26+,Male,6-10 hours,No
79,Horacio,Edgeon,hedgeon26@bigcartel.com,26+,Bigender,11-20 hours,Yes
80,Port,Breton,pbreton27@github.com,18-21,Male,None,Yes
81,Fayette,Dickey,fdickey28@icio.us,22-25,Female,None,No
82,Clerkclaude,Feechum,cfeechum29@free.fr,26+,Male,None,No
83,Donavon,Raynor,draynor2a@weather.com,22-25,Male,6-10 hours,No
84,Ali,Eilles,aeilles2b@mit.edu,18-21,Male,11-20 hours,No
85,Moss,McAloren,mmcaloren2c@un.org,18-21,Male,<5 hours,No
86,Orlando,Connock,oconnock2d@ihg.com,26+,Non-binary,11-20 hours,Yes
87,Kitty,Korous,kkorous2e@patch.com,22-25,Female,11-20 hours,Yes
88,Noell,Baughen,nbaughen2f@mail.ru,26+,Female,6-10 hours,Yes
89,Lauren,Tillard,ltillard2g@fema.gov,26+,Male,<5 hours,No
90,Margarete,Vakhrushin,mvakhrushin2h@apache.org,18-21,Female,11-20 hours,Yes
91,Lucila,Perri,lperri2i@apple.com,22-25,Female,None,Yes
92,Vanya,Earl,vearl2j@free.fr,18-21,Male,more than 20 hours,No
93,Rozina,Janjusevic,rjanjusevic2k@tripod.com,22-25,Female,more than 20 hours,No
94,Kennie,Cazereau,kcazereau2l@ehow.com,18-21,Male,None,Yes
95,Jilli,Lernihan,jlernihan2m@instagram.com,22-25,Female,None,No
96,Kate,Baytrop,kbaytrop2n@kickstarter.com,22-25,Female,more than 20 hours,Yes
97,Dorolisa,Shuttle,dshuttle2o@un.org,18-21,Agender,11-20 hours,Yes
98,Min,Fawke,mfawke2p@printfriendly.com,22-25,Female,11-20 hours,Yes
99,Myrtle,Georgeon,mgeorgeon2q@fastcompany.com,18-21,Female,more than 20 hours,No
100,Umberto,Maciaszczyk,umaciaszczyk2r@ebay.co.uk,18-21,Polygender,6-10 hours,Yes
101,Larry,Monelli,lmonelli2s@homestead.com,18-21,Male,<5 hours,No
102,Cosme,Jerke,cjerke2t@nymag.com,26+,Polygender,None,Yes
103,Lilly,Dieton,ldieton2u@cdc.gov,26+,Female,more than 20 hours,No
104,Rosy,Cossar,rcossar2v@hibu.com,22-25,Polygender,6-10 hours,No
105,Vail,Broadist,vbroadist2w@phoca.cz,22-25,Male,None,No
106,Cara,Sharer,csharer2x@odnoklassniki.ru,18-21,Female,None,No
107,Leslie,Moles,lmoles2y@w3.org,26+,Female,11-20 hours,No
108,Augustin,Strattan,astrattan2z@elpais.com,18-21,Male,6-10 hours,No
109,Zacherie,Rummer,zrummer30@miitbeian.gov.cn,18-21,Male,6-10 hours,Yes
110,Catlin,Di Maggio,cdimaggio31@smugmug.com,22-25,Female,None,No
111,Gram,Slorance,gslorance32@comcast.net,22-25,Polygender,11-20 hours,Yes
112,Emerson,Robertacci,erobertacci33@ovh.net,18-21,Genderqueer,6-10 hours,Yes
113,Mylo,McLeoid,mmcleoid34@cisco.com,22-25,Male,more than 20 hours,No
114,Vivie,Kobierra,vkobierra35@yale.edu,22-25,Genderqueer,6-10 hours,No
115,Rollins,Timeby,rtimeby36@newsvine.com,18-21,Male,None,Yes
116,Cecelia,Zaniolo,czaniolo37@epa.gov,18-21,Genderfluid,11-20 hours,Yes
117,Jenda,Monsey,jmonsey38@ihg.com,22-25,Female,11-20 hours,No
118,Read,Yurevich,ryurevich39@sfgate.com,18-21,Male,more than 20 hours,Yes
119,Pietrek,Hanne,phanne3a@arstechnica.com,26+,Male,11-20 hours,Yes
120,Sandy,Lamberton,slamberton3b@odnoklassniki.ru,22-25,Male,11-20 hours,Yes
121,Devonna,Ridsdell,dridsdell3c@google.co.jp,22-25,Female,more than 20 hours,Yes
122,Gianna,Livesey,glivesey3d@state.tx.us,26+,Female,more than 20 hours,No
123,Lethia,Darrington,ldarrington3e@ihg.com,22-25,Female,6-10 hours,Yes
124,Karleen,Andrus,kandrus3f@4shared.com,22-25,Bigender,6-10 hours,Yes
125,Rhonda,Voak,rvoak3g@dyndns.org,26+,Female,None,Yes
126,Adoree,Oblein,aoblein3h@ning.com,18-21,Female,None,No
127,Friederike,Clarabut,fclarabut3i@nature.com,26+,Female,<5 hours,Yes
128,Wanda,Zannelli,wzannelli3j@usgs.gov,18-21,Female,None,Yes
129,Almeda,Mendel,amendel3k@reference.com,22-25,Female,<5 hours,Yes
130,Link,Ghilks,lghilks3l@japanpost.jp,26+,Male,None,Yes
131,Lew,Tollerfield,ltollerfield3m@joomla.org,26+,Male,None,No
132,Andie,Springall,aspringall3n@shop-pro.jp,22-25,Female,None,No
133,Jsandye,Turmel,jturmel3o@go.com,26+,Female,6-10 hours,No
134,Wade,Koene,wkoene3p@theguardian.com,18-21,Bigender,11-20 hours,No
135,Misti,Haysar,mhaysar3q@arstechnica.com,22-25,Female,6-10 hours,Yes
136,Hill,Phippard,hphippard3r@abc.net.au,22-25,Male,more than 20 hours,Yes
137,Cointon,Dunabie,cdunabie3s@bizjournals.com,18-21,Male,<5 hours,No
138,Rosemary,Jeffries,rjeffries3t@biglobe.ne.jp,18-21,Female,6-10 hours,No
139,Garrett,Wolstencroft,gwolstencroft3u@whitehouse.gov,26+,Male,more than 20 hours,Yes
140,Lilas,Kerslake,lkerslake3v@phpbb.com,18-21,Female,more than 20 hours,No
141,Cymbre,Hospital,chospital3w@bloglines.com,26+,Female,6-10 hours,Yes
142,Tate,Nadin,tnadin3x@ibm.com,26+,Male,None,Yes
143,Cammy,Studdal,cstuddal3y@nature.com,22-25,Male,6-10 hours,Yes
144,Bili,O'Bradane,bobradane3z@csmonitor.com,18-21,Female,6-10 hours,No
145,Davidde,Kullmann,dkullmann40@si.edu,22-25,Male,6-10 hours,Yes
146,Steven,Ullyatt,sullyatt41@indiatimes.com,26+,Male,<5 hours,No
147,Bradan,Roubay,broubay42@sun.com,22-25,Male,6-10 hours,No
148,Alfons,Kleiser,akleiser43@twitpic.com,26+,Male,None,No
149,Issy,Mesias,imesias44@mapy.cz,26+,Female,<5 hours,Yes
150,Kat,Stickler,kstickler45@github.com,22-25,Genderqueer,6-10 hours,Yes
151,Zorina,Glenfield,zglenfield46@businesswire.com,18-21,Female,11-20 hours,No
152,Sarene,Bigly,sbigly47@who.int,22-25,Female,more than 20 hours,No
153,Patrick,Mytton,pmytton48@who.int,18-21,Male,None,No
154,Bernardine,Birdis,bbirdis49@spiegel.de,18-21,Female,more than 20 hours,No
155,Giffer,Rosenfrucht,grosenfrucht4a@who.int,22-25,Male,11-20 hours,Yes
156,Fairleigh,Dirand,fdirand4b@istockphoto.com,26+,Male,more than 20 hours,Yes
157,Hermia,Giacomo,hgiacomo4c@time.com,18-21,Female,<5 hours,No
158,Gina,Yakobovitz,gyakobovitz4d@discovery.com,22-25,Bigender,6-10 hours,No
159,Evvy,Kybert,ekybert4e@mozilla.com,26+,Female,<5 hours,No
160,Blinnie,Eliet,beliet4f@newsvine.com,26+,Female,more than 20 hours,No
161,Patrice,Almak,palmak4g@cnet.com,22-25,Female,<5 hours,Yes
162,Gerhard,Jelley,gjelley4h@jugem.jp,26+,Male,6-10 hours,Yes
163,Orella,Jelf,ojelf4i@yolasite.com,26+,Female,6-10 hours,Yes
164,Ephrem,Gunther,egunther4j@discovery.com,22-25,Male,None,Yes
165,Christian,Gonsalvez,cgonsalvez4k@fda.gov,22-25,Female,None,Yes
166,Kerk,Giggie,kgiggie4l@jalbum.net,18-21,Male,11-20 hours,Yes
167,Magdalena,Luckin,mluckin4m@soundcloud.com,18-21,Agender,None,No
168,Janella,Vinick,jvinick4n@gnu.org,26+,Female,6-10 hours,Yes
169,Ezra,Ponde,eponde4o@imgur.com,26+,Male,6-10 hours,Yes
170,Tedie,Pudner,tpudner4p@mapquest.com,22-25,Male,11-20 hours,No
171,Tatum,Fretwell,tfretwell4q@jigsy.com,22-25,Agender,11-20 hours,Yes
172,Sigfried,Venmore,svenmore4r@blogs.com,18-21,Male,11-20 hours,Yes
173,Cathlene,Maylin,cmaylin4s@quantcast.com,26+,Female,more than 20 hours,Yes
174,Tremayne,Gladbach,tgladbach4t@rediff.com,22-25,Genderfluid,6-10 hours,No
175,Owen,Rounding,orounding4u@icio.us,18-21,Male,None,No
176,Patrice,Morris,pmorris4v@bloglovin.com,18-21,Male,more than 20 hours,No
177,Alexine,Ellis,aellis4w@wired.com,18-21,Female,<5 hours,No
178,Ronny,Brinkley,rbrinkley4x@1und1.de,18-21,Female,11-20 hours,Yes
179,Gerard,Guittet,gguittet4y@mayoclinic.com,22-25,Genderqueer,6-10 hours,No
180,Quentin,Degoey,qdegoey4z@cyberchimps.com,26+,Male,<5 hours,No
181,Thaddeus,Abramson,tabramson50@cdc.gov,18-21,Male,<5 hours,Yes
182,Phil,Malinson,pmalinson51@aol.com,18-21,Female,more than 20 hours,Yes
183,Benyamin,Wylam,bwylam52@addtoany.com,18-21,Male,11-20 hours,No
184,Kynthia,Burkart,kburkart53@virginia.edu,22-25,Female,<5 hours,Yes
185,Farlay,Pilgram,fpilgram54@ox.ac.uk,22-25,Male,<5 hours,Yes
186,Vivien,Robison,vrobison55@ucla.edu,22-25,Female,more than 20 hours,Yes
187,Lyda,Iashvili,liashvili56@people.com.cn,18-21,Female,<5 hours,No
188,Diana,Liddell,dliddell57@boston.com,18-21,Female,None,No
189,Caroline,MacCleay,cmaccleay58@sogou.com,26+,Female,11-20 hours,No
190,Kori,Musgrave,kmusgrave59@scientificamerican.com,26+,Female,more than 20 hours,Yes
191,Barris,Huggon,bhuggon5a@ask.com,22-25,Male,6-10 hours,Yes
192,Nadine,Courtes,ncourtes5b@trellian.com,26+,Female,more than 20 hours,Yes
193,Ilise,Handling,ihandling5c@jimdo.com,22-25,Female,11-20 hours,No
194,Tabor,Bleackley,tbleackley5d@amazon.de,26+,Male,<5 hours,Yes
195,Jakie,Dunstan,jdunstan5e@zimbio.com,22-25,Male,<5 hours,No
196,Hannis,Babinski,hbabinski5f@amazon.com,26+,Female,more than 20 hours,No
197,Leland,Corkitt,lcorkitt5g@telegraph.co.uk,26+,Male,11-20 hours,No
198,Lari,Camillo,lcamillo5h@wiley.com,26+,Female,<5 hours,Yes
199,Ulises,Tullis,utullis5i@economist.com,22-25,Male,more than 20 hours,Yes
200,Westbrooke,Jacmar,wjacmar5j@auda.org.au,18-21,Male,more than 20 hours,Yes
201,Kriste,Simonian,ksimonian5k@nhs.uk,22-25,Female,11-20 hours,Yes
202,Samuele,Beed,sbeed5l@oakley.com,26+,Male,more than 20 hours,No
203,Lyndsey,Roft,lroft5m@hhs.gov,18-21,Female,<5 hours,No
204,Omar,Tomasi,otomasi5n@google.ru,26+,Male,<5 hours,No
205,Doti,Jorcke,djorcke5o@princeton.edu,26+,Female,<5 hours,Yes
206,Melesa,Gorioli,mgorioli5p@miibeian.gov.cn,18-21,Female,6-10 hours,No
207,Patten,Ussher,pussher5q@foxnews.com,18-21,Male,6-10 hours,Yes
208,Emmalynn,Reames,ereames5r@joomla.org,18-21,Female,<5 hours,Yes
209,Codi,Shevlan,cshevlan5s@photobucket.com,22-25,Male,None,No
210,Jolie,Boggish,jboggish5t@w3.org,18-21,Female,None,No
211,Yolanthe,Gainsburgh,ygainsburgh5u@archive.org,26+,Female,more than 20 hours,No
212,Wendall,Gauge,wgauge5v@mapquest.com,26+,Male,more than 20 hours,Yes
213,Daniel,Radolf,dradolf5w@ox.ac.uk,22-25,Male,6-10 hours,No
214,Clem,Klimpt,cklimpt5x@reference.com,22-25,Male,more than 20 hours,Yes
215,Ryon,Ebbutt,rebbutt5y@quantcast.com,18-21,Male,11-20 hours,Yes
216,Ferguson,Dominey,fdominey5z@xinhuanet.com,22-25,Male,None,Yes
217,Clo,Lafrentz,clafrentz60@google.ru,18-21,Bigender,6-10 hours,Yes
218,Cordi,Jellybrand,cjellybrand61@devhub.com,22-25,Genderqueer,11-20 hours,Yes
219,Carolann,Gronauer,cgronauer62@blogs.com,26+,Genderqueer,None,Yes
220,Herbie,Bevens,hbevens63@ow.ly,26+,Male,more than 20 hours,Yes
221,Janeen,Reinisch,jreinisch64@washingtonpost.com,22-25,Genderqueer,<5 hours,Yes
222,Stanislaus,Dimmne,sdimmne65@fema.gov,22-25,Male,6-10 hours,No
223,Claudius,Abbati,cabbati66@instagram.com,22-25,Male,more than 20 hours,No
224,Corrine,Jahn,cjahn67@is.gd,26+,Female,more than 20 hours,Yes
225,Terrie,Eckels,teckels68@goo.ne.jp,22-25,Female,11-20 hours,No
226,Alika,Ollarenshaw,aollarenshaw69@bandcamp.com,26+,Female,None,Yes
227,Lincoln,Welden,lwelden6a@photobucket.com,18-21,Non-binary,11-20 hours,Yes
228,Lyndy,Domican,ldomican6b@phpbb.com,22-25,Female,6-10 hours,No
229,Rudiger,Linck,rlinck6c@wsj.com,22-25,Male,11-20 hours,No
230,Lebbie,Twiddell,ltwiddell6d@mail.ru,22-25,Female,11-20 hours,Yes
231,Aguste,Durber,adurber6e@vinaora.com,22-25,Male,<5 hours,No
232,Cull,Rudderham,crudderham6f@elegantthemes.com,18-21,Male,11-20 hours,Yes
233,Savina,McCahill,smccahill6g@intel.com,22-25,Female,more than 20 hours,No
234,Nicholle,Foyston,nfoyston6h@yellowbook.com,18-21,Genderqueer,6-10 hours,No
235,Lyell,Lortzing,llortzing6i@miibeian.gov.cn,26+,Male,<5 hours,Yes
236,Belita,Rosenfield,brosenfield6j@go.com,18-21,Female,None,No
237,Hubie,De Mars,hdemars6k@cam.ac.uk,18-21,Male,None,No
238,Mella,Toffalo,mtoffalo6l@360.cn,22-25,Female,<5 hours,No
239,Grier,Veschambes,gveschambes6m@spiegel.de,18-21,Female,<5 hours,Yes
240,Cecile,Moff,cmoff6n@flickr.com,22-25,Female,6-10 hours,No
241,Nadya,Elwood,nelwood6o@uiuc.edu,18-21,Female,11-20 hours,No
242,Cody,Roddie,croddie6p@oracle.com,26+,Female,<5 hours,No
243,Tera,Garmanson,tgarmanson6q@aol.com,22-25,Female,6-10 hours,No
244,Rustin,Gianni,rgianni6r@pbs.org,26+,Male,11-20 hours,Yes
245,Rogers,Buxcey,rbuxcey6s@usa.gov,26+,Male,11-20 hours,No
246,Ardelle,Idle,aidle6t@fema.gov,18-21,Female,11-20 hours,No
247,Lalo,Upton,lupton6u@toplist.cz,26+,Male,6-10 hours,Yes
248,Moshe,Sobey,msobey6v@un.org,22-25,Male,None,No
249,Fred,Menlove,fmenlove6w@blog.com,18-21,Female,None,No
250,Aura,Belly,abelly6x@mysql.com,18-21,Female,None,No
251,Vonny,Srutton,vsrutton6y@eepurl.com,18-21,Female,11-20 hours,No
252,Curran,Ickovic,cickovic6z@rakuten.co.jp,26+,Male,6-10 hours,No
253,Ami,Walework,awalework70@google.nl,18-21,Agender,11-20 hours,Yes
254,Tabby,McPhelimy,tmcphelimy71@gmpg.org,18-21,Genderqueer,6-10 hours,No
255,Laird,Fritschel,lfritschel72@sun.com,26+,Male,6-10 hours,No
256,Wilburt,Mattisssen,wmattisssen73@umn.edu,22-25,Male,<5 hours,Yes
257,Shem,Barmadier,sbarmadier74@latimes.com,26+,Male,None,No
258,Frieda,Corbould,fcorbould75@goo.ne.jp,18-21,Female,more than 20 hours,Yes
259,Kelsi,Dawidowicz,kdawidowicz76@goo.ne.jp,22-25,Female,more than 20 hours,Yes
260,Jenny,Hasard,jhasard77@friendfeed.com,26+,Female,6-10 hours,No
261,Emmanuel,Boerderman,eboerderman78@samsung.com,18-21,Male,6-10 hours,No
262,Fraser,Milksop,fmilksop79@youku.com,18-21,Male,11-20 hours,Yes
263,Darbee,Winskill,dwinskill7a@twitter.com,26+,Male,6-10 hours,Yes
264,Aretha,Sauvan,asauvan7b@squarespace.com,22-25,Female,6-10 hours,No
265,Ines,Stannislawski,istannislawski7c@blogtalkradio.com,18-21,Female,6-10 hours,Yes
266,Holden,Lightbown,hlightbown7d@g.co,26+,Male,None,Yes
267,Horace,Sowersby,hsowersby7e@hibu.com,22-25,Male,<5 hours,No
268,Hynda,Shmyr,hshmyr7f@sciencedirect.com,26+,Female,more than 20 hours,No
269,Lindy,Drable,ldrable7g@princeton.edu,18-21,Genderqueer,<5 hours,Yes
270,Bradley,Hawkes,bhawkes7h@tiny.cc,18-21,Agender,6-10 hours,No
271,Johnette,Silverman,jsilverman7i@about.me,22-25,Female,11-20 hours,No
272,Haywood,Fernanando,hfernanando7j@bigcartel.com,22-25,Male,11-20 hours,No
273,Rebbecca,Winney,rwinney7k@rakuten.co.jp,26+,Female,<5 hours,No
274,Leah,Amori,lamori7l@microsoft.com,26+,Agender,more than 20 hours,Yes
275,Buddie,Sains,bsains7m@cloudflare.com,18-21,Male,None,Yes
276,Jehu,Petrasso,jpetrasso7n@nbcnews.com,22-25,Male,<5 hours,No
277,Alric,Gwinnett,agwinnett7o@youtu.be,26+,Male,None,No
278,Fax,Adamek,fadamek7p@google.it,26+,Male,6-10 hours,Yes
279,Hulda,Bock,hbock7q@theatlantic.com,26+,Female,more than 20 hours,Yes
280,Steward,Hiers,shiers7r@telegraph.co.uk,18-21,Male,6-10 hours,No
281,Chickie,McNeely,cmcneely7s@linkedin.com,22-25,Male,<5 hours,Yes
282,Bryan,Ellerington,bellerington7t@marketwatch.com,18-21,Male,6-10 hours,Yes
283,Hazel,Lackie,hlackie7u@rakuten.co.jp,18-21,Female,more than 20 hours,No
284,Morley,Tremayne,mtremayne7v@goodreads.com,22-25,Male,<5 hours,No
285,Pam,Erik,perik7w@dion.ne.jp,22-25,Genderfluid,None,No
286,Karine,Hearnes,khearnes7x@mashable.com,18-21,Female,6-10 hours,No
287,Arni,Paty,apaty7y@mozilla.org,26+,Male,more than 20 hours,Yes
288,Cristen,Kunisch,ckunisch7z@gravatar.com,18-21,Female,6-10 hours,Yes
289,Aldridge,Rossin,arossin80@addtoany.com,18-21,Male,6-10 hours,Yes
290,Brig,Beavan,bbeavan81@ovh.net,26+,Male,<5 hours,Yes
291,Sol,Drinkhill,sdrinkhill82@nature.com,26+,Male,6-10 hours,No
292,Riki,Ioselev,rioselev83@chronoengine.com,18-21,Female,<5 hours,No
293,Tatum,Hallaways,thallaways84@fc2.com,18-21,Female,None,Yes
294,Reinaldo,Bevens,rbevens85@addthis.com,22-25,Male,None,No
295,Sky,Collings,scollings86@google.nl,22-25,Male,6-10 hours,Yes
296,Emmanuel,Pelham,epelham87@blogtalkradio.com,18-21,Male,6-10 hours,Yes
297,Jecho,Mewett,jmewett88@nature.com,18-21,Male,None,Yes
298,Kirsten,Di Batista,kdibatista89@blogs.com,22-25,Female,more than 20 hours,Yes
299,Robby,Alans,ralans8a@mayoclinic.com,18-21,Male,<5 hours,Yes
300,Waldo,Gammage,wgammage8b@hao123.com,18-21,Male,None,No
301,Lee,Milan,lmilan8c@youku.com,22-25,Female,more than 20 hours,Yes
302,Rayshell,Febre,rfebre8d@chicagotribune.com,26+,Female,6-10 hours,No
303,Brita,Stolle,bstolle8e@paginegialle.it,18-21,Female,<5 hours,No
304,Duky,Ricoald,dricoald8f@google.es,26+,Male,more than 20 hours,Yes
305,Glenn,Simak,gsimak8g@topsy.com,18-21,Female,more than 20 hours,No
306,Corby,Waterfield,cwaterfield8h@opera.com,18-21,Male,11-20 hours,Yes
307,Craggie,Dyball,cdyball8i@deviantart.com,22-25,Male,6-10 hours,Yes
308,Kerr,Passler,kpassler8j@omniture.com,26+,Male,6-10 hours,No
309,Benyamin,Dow,bdow8k@un.org,22-25,Male,more than 20 hours,Yes
310,Alexis,Viccars,aviccars8l@ibm.com,18-21,Female,6-10 hours,Yes
311,Kristoforo,Truin,ktruin8m@naver.com,26+,Male,None,No
312,Urbain,Lovewell,ulovewell8n@google.com.hk,22-25,Bigender,None,No
313,Nicky,Kobke,nkobke8o@wikispaces.com,22-25,Male,11-20 hours,No
314,Dilly,Dearnly,ddearnly8p@dyndns.org,22-25,Male,11-20 hours,Yes
315,Eamon,Mancell,emancell8q@bandcamp.com,26+,Male,11-20 hours,Yes
316,Sherman,Heeley,sheeley8r@issuu.com,22-25,Male,more than 20 hours,No
317,Carola,Capponer,ccapponer8s@nbcnews.com,26+,Female,6-10 hours,Yes
318,Karlyn,Kennerknecht,kkennerknecht8t@scientificamerican.com,18-21,Female,more than 20 hours,No
319,Roarke,Mitie,rmitie8u@123-reg.co.uk,26+,Male,11-20 hours,Yes
320,Griselda,Balaizot,gbalaizot8v@harvard.edu,22-25,Female,11-20 hours,Yes
321,Dulcie,Christy,dchristy8w@zimbio.com,18-21,Female,None,Yes
322,Micheil,Bischop,mbischop8x@admin.ch,26+,Male,6-10 hours,Yes
323,Bevin,Bolitho,bbolitho8y@abc.net.au,22-25,Male,None,No
324,Gordon,Beauchop,gbeauchop8z@sogou.com,26+,Male,11-20 hours,No
325,Hamish,Titlow,htitlow90@tripod.com,26+,Male,6-10 hours,No
326,Adria,Bockett,abockett91@fotki.com,22-25,Female,<5 hours,Yes
327,Dorothea,Cowdroy,dcowdroy92@wp.com,18-21,Female,6-10 hours,No
328,Jillian,Lodewick,jlodewick93@theatlantic.com,26+,Female,more than 20 hours,Yes
329,Legra,Kennford,lkennford94@chicagotribune.com,18-21,Female,None,No
330,York,Camolli,ycamolli95@uol.com.br,18-21,Male,<5 hours,No
331,Tripp,Borg,tborg96@ca.gov,18-21,Male,6-10 hours,Yes
332,Kiel,Prettyjohns,kprettyjohns97@sun.com,18-21,Male,more than 20 hours,No
333,Kendrick,Ancketill,kancketill98@cdbaby.com,26+,Genderfluid,6-10 hours,Yes
334,Lynn,Standfield,lstandfield99@jugem.jp,26+,Female,6-10 hours,Yes
335,Andrei,Showers,ashowers9a@jalbum.net,18-21,Female,<5 hours,No
336,Eleonora,Dyer,edyer9b@ftc.gov,22-25,Female,more than 20 hours,Yes
337,Nickolaus,Brane,nbrane9c@photobucket.com,26+,Male,more than 20 hours,Yes
338,Emilio,Jorry,ejorry9d@hugedomains.com,26+,Male,6-10 hours,No
339,Rutger,Weldrick,rweldrick9e@multiply.com,26+,Male,None,No
340,Reggis,Trussler,rtrussler9f@shinystat.com,26+,Male,<5 hours,Yes
341,Bess,Blackway,bblackway9g@desdev.cn,22-25,Female,6-10 hours,No
342,Auberon,Lound,alound9h@slate.com,22-25,Male,more than 20 hours,Yes
343,Patin,Illiston,pilliston9i@mit.edu,18-21,Male,None,Yes
344,Raddie,Howlett,rhowlett9j@etsy.com,26+,Male,None,No
345,Estell,Lavall,elavall9k@tinyurl.com,26+,Female,more than 20 hours,Yes
346,Ferrell,Bernat,fbernat9l@stumbleupon.com,26+,Male,6-10 hours,No
347,Marius,Montier,mmontier9m@squarespace.com,22-25,Male,None,No
348,Paulette,Cohalan,pcohalan9n@auda.org.au,18-21,Female,6-10 hours,No
349,Boothe,Sandeson,bsandeson9o@slideshare.net,26+,Male,more than 20 hours,Yes
350,Godfry,Scarlet,gscarlet9p@ucoz.com,18-21,Non-binary,11-20 hours,No
351,Cornell,Dulake,cdulake9q@icq.com,26+,Male,more than 20 hours,Yes
352,Gaylord,Talboy,gtalboy9r@reuters.com,18-21,Male,None,Yes
353,Honor,Wandrack,hwandrack9s@webmd.com,26+,Female,more than 20 hours,No
354,Katrine,Slite,kslite9t@ezinearticles.com,18-21,Female,6-10 hours,Yes
355,Nevsa,Tchir,ntchir9u@51.la,18-21,Female,<5 hours,No
356,Ezra,McLukie,emclukie9v@woothemes.com,26+,Male,None,No
357,Perle,Sutter,psutter9w@uol.com.br,22-25,Female,11-20 hours,No
358,Norton,O' Connell,noconnell9x@patch.com,18-21,Male,6-10 hours,Yes
359,Viviana,Barkshire,vbarkshire9y@unblog.fr,26+,Female,<5 hours,No
360,Manon,Broughton,mbroughton9z@behance.net,22-25,Female,6-10 hours,Yes
361,Evy,Nairne,enairnea0@time.com,18-21,Female,11-20 hours,Yes
362,Perkin,Handrock,phandrocka1@altervista.org,18-21,Male,None,Yes
363,Cosimo,Angell,cangella2@google.com,22-25,Male,11-20 hours,No
364,Jana,Rablen,jrablena3@auda.org.au,22-25,Non-binary,11-20 hours,Yes
365,Allis,Buard,abuarda4@google.com.au,26+,Female,11-20 hours,No
366,Sydel,Peasgood,speasgooda5@topsy.com,22-25,Female,11-20 hours,No
367,Willy,Tummons,wtummonsa6@t.co,18-21,Male,None,No
368,Silvain,Matsell,smatsella7@macromedia.com,26+,Male,11-20 hours,Yes
369,Oliy,Cabrara,ocabraraa8@foxnews.com,18-21,Genderqueer,11-20 hours,Yes
370,Vivianna,Alfonsetto,valfonsettoa9@noaa.gov,26+,Female,<5 hours,Yes
371,Spence,Pound,spoundaa@nps.gov,18-21,Male,None,Yes
372,Garth,Vigneron,gvigneronab@webs.com,26+,Male,more than 20 hours,Yes
373,Eachelle,Boase,eboaseac@usgs.gov,26+,Female,None,Yes
374,Cleveland,Conrart,cconrartad@vistaprint.com,22-25,Male,11-20 hours,No
375,Othella,Feathers,ofeathersae@sakura.ne.jp,18-21,Female,more than 20 hours,Yes
376,Dotty,Pasterfield,dpasterfieldaf@whitehouse.gov,18-21,Female,6-10 hours,Yes
377,Nilson,Wakelin,nwakelinag@bing.com,22-25,Male,None,No
378,Stephenie,Rowlatt,srowlattah@kickstarter.com,22-25,Female,more than 20 hours,No
379,Kinny,Langstone,klangstoneai@forbes.com,18-21,Male,None,Yes
380,Ellissa,MacPherson,emacphersonaj@cafepress.com,26+,Female,6-10 hours,No
381,Jeramie,Christofor,jchristoforak@theatlantic.com,26+,Male,11-20 hours,No
382,Marietta,Stear,mstearal@wiley.com,18-21,Male,None,Yes
383,Antoni,Valentine,avalentineam@scientificamerican.com,26+,Male,11-20 hours,Yes
384,Emery,Parrott,eparrottan@plala.or.jp,22-25,Male,6-10 hours,Yes
385,Emlynne,Maudson,emaudsonao@umn.edu,18-21,Female,None,Yes
386,Merrel,Bradfield,mbradfieldap@canalblog.com,18-21,Male,more than 20 hours,Yes
387,Lukas,Tzuker,ltzukeraq@blog.com,26+,Male,11-20 hours,Yes
388,Phillip,Tremellan,ptremellanar@cbc.ca,18-21,Male,more than 20 hours,Yes
389,Heinrik,Sudron,hsudronas@acquirethisname.com,18-21,Male,6-10 hours,No
390,Jodee,Raubenheimer,jraubenheimerat@ihg.com,18-21,Female,<5 hours,Yes
391,Way,Espin,wespinau@a8.net,18-21,Genderfluid,6-10 hours,No
392,Judi,Van Der Walt,jvanderwaltav@nps.gov,22-25,Female,None,No
393,Sascha,Guerin,sguerinaw@wordpress.org,22-25,Female,None,No
394,Donny,Tessyman,dtessymanax@dropbox.com,26+,Male,<5 hours,No
395,Shelli,Arkell,sarkellay@purevolume.com,18-21,Agender,<5 hours,No
396,Cordie,Byk,cbykaz@home.pl,18-21,Female,6-10 hours,Yes
397,Corene,Bickell,cbickellb0@army.mil,26+,Female,more than 20 hours,No
398,Thedrick,Losseljong,tlosseljongb1@de.vu,18-21,Non-binary,<5 hours,Yes
399,Nikolaos,Levington,nlevingtonb2@bluehost.com,18-21,Male,<5 hours,Yes
400,Chane,Gwinnell,cgwinnellb3@economist.com,26+,Male,6-10 hours,Yes
401,Horton,Sibbet,hsibbetb4@dion.ne.jp,22-25,Male,<5 hours,No
402,Jaimie,Fries,jfriesb5@phoca.cz,26+,Non-binary,6-10 hours,Yes
403,Melissa,Fines,mfinesb6@tinypic.com,22-25,Female,11-20 hours,No
404,Rae,Wanklyn,rwanklynb7@tripadvisor.com,26+,Female,more than 20 hours,Yes
405,Harriett,Simmill,hsimmillb8@tinypic.com,26+,Female,more than 20 hours,Yes
406,Bernard,Helling,bhellingb9@fc2.com,18-21,Male,more than 20 hours,Yes
407,Walt,Kedwell,wkedwellba@noaa.gov,22-25,Male,more than 20 hours,No
408,Erminia,Daldry,edaldrybb@irs.gov,22-25,Genderqueer,6-10 hours,Yes
409,Cullin,Merrigan,cmerriganbc@hc360.com,26+,Male,None,No
410,Brocky,Daelman,bdaelmanbd@fema.gov,22-25,Polygender,11-20 hours,Yes
411,Deanne,Le Fleming,dleflemingbe@baidu.com,18-21,Female,6-10 hours,Yes
412,Shir,Polly,spollybf@ycombinator.com,22-25,Female,11-20 hours,No
413,Glen,Gianelli,ggianellibg@apache.org,18-21,Female,<5 hours,Yes
414,Lin,Crab,lcrabbh@blinklist.com,22-25,Male,<5 hours,Yes
415,Misty,Froment,mfromentbi@earthlink.net,26+,Female,None,No
416,Ashby,Stuer,astuerbj@lulu.com,18-21,Male,<5 hours,Yes
417,Kay,Frayn,kfraynbk@tuttocitta.it,22-25,Bigender,11-20 hours,No
418,Angie,Muzzlewhite,amuzzlewhitebl@taobao.com,18-21,Female,None,No
419,Paige,Walwood,pwalwoodbm@soundcloud.com,22-25,Male,None,No
420,Muire,Dufour,mdufourbn@phpbb.com,22-25,Female,11-20 hours,No
421,Lissi,Canti,lcantibo@irs.gov,26+,Female,6-10 hours,Yes
422,Iggie,Beechcraft,ibeechcraftbp@freewebs.com,18-21,Male,<5 hours,No
423,Byram,Haycox,bhaycoxbq@slate.com,22-25,Male,<5 hours,Yes
424,Jamal,D'Alesio,jdalesiobr@nih.gov,18-21,Male,None,Yes
425,Arluene,Turbitt,aturbittbs@myspace.com,22-25,Female,None,Yes
426,Aurilia,De Giorgi,adegiorgibt@soundcloud.com,22-25,Female,11-20 hours,No
427,Briggs,Pevsner,bpevsnerbu@upenn.edu,22-25,Male,more than 20 hours,Yes
428,Salim,Dodshun,sdodshunbv@bloglines.com,22-25,Male,more than 20 hours,Yes
429,Olvan,Challens,ochallensbw@bbc.co.uk,18-21,Male,11-20 hours,Yes
430,Dodie,Trenoweth,dtrenowethbx@npr.org,26+,Female,None,No
431,Marley,Urlich,murlichby@1und1.de,26+,Female,6-10 hours,Yes
432,Witty,Bruneau,wbruneaubz@mashable.com,26+,Male,11-20 hours,No
433,Elana,Wylder,ewylderc0@comsenz.com,26+,Non-binary,None,Yes
434,Natassia,Canet,ncanetc1@soup.io,18-21,Female,None,No
435,Tyler,Rosellini,trosellinic2@sina.com.cn,22-25,Male,6-10 hours,Yes
436,Pippy,Dymick,pdymickc3@people.com.cn,26+,Female,6-10 hours,No
437,Jarid,Papierz,jpapierzc4@phpbb.com,26+,Male,11-20 hours,No
438,Paulette,Farrant,pfarrantc5@bizjournals.com,26+,Genderqueer,11-20 hours,No
439,Windham,Bertie,wbertiec6@jalbum.net,18-21,Male,more than 20 hours,No
440,Dominga,Ormshaw,dormshawc7@yandex.ru,18-21,Female,more than 20 hours,No
441,Felic,Braybrooks,fbraybrooksc8@wikispaces.com,26+,Male,11-20 hours,Yes
442,Cort,Behrendsen,cbehrendsenc9@loc.gov,26+,Male,6-10 hours,No
443,Truda,Gidman,tgidmanca@homestead.com,26+,Female,11-20 hours,Yes
444,Aron,Fanstone,afanstonecb@dedecms.com,26+,Genderqueer,None,Yes
445,Michele,Favey,mfaveycc@va.gov,22-25,Female,6-10 hours,No
446,Lawry,Shingfield,lshingfieldcd@spiegel.de,26+,Male,<5 hours,Yes
447,Claudia,Tapner,ctapnerce@pagesperso-orange.fr,18-21,Female,<5 hours,No
448,Hymie,Kneller,hknellercf@pcworld.com,22-25,Male,more than 20 hours,No
449,Eugenie,Pickering,epickeringcg@samsung.com,26+,Female,None,Yes
450,Welbie,Harcase,wharcasech@ehow.com,26+,Male,more than 20 hours,No
451,Barbabas,Mitrikhin,bmitrikhinci@hatena.ne.jp,18-21,Male,11-20 hours,Yes
452,Tracie,Shrimptone,tshrimptonecj@ezinearticles.com,18-21,Female,None,Yes
453,Marylin,Weerdenburg,mweerdenburgck@unc.edu,18-21,Female,more than 20 hours,Yes
454,Lucilia,Jewiss,ljewisscl@yellowbook.com,22-25,Female,11-20 hours,Yes
455,Guthry,Oswald,goswaldcm@wikia.com,26+,Male,<5 hours,Yes
456,Denyse,Foresight,dforesightcn@trellian.com,26+,Female,more than 20 hours,Yes
457,Genny,Saylor,gsaylorco@cornell.edu,26+,Female,<5 hours,Yes
458,Antoni,Tissiman,atissimancp@fotki.com,26+,Male,more than 20 hours,No
459,Zorah,Arrow,zarrowcq@princeton.edu,18-21,Female,more than 20 hours,Yes
460,Ev,Kernoghan,ekernoghancr@delicious.com,18-21,Male,6-10 hours,Yes
461,Enoch,Casaccio,ecasacciocs@google.nl,26+,Male,more than 20 hours,No
462,Shellysheldon,Issacof,sissacofct@comcast.net,18-21,Male,None,No
463,Ailene,Bracknell,abracknellcu@cyberchimps.com,18-21,Female,6-10 hours,Yes
464,Cosette,Congreave,ccongreavecv@a8.net,26+,Female,<5 hours,Yes
465,Laney,Gauntlett,lgauntlettcw@marriott.com,26+,Female,more than 20 hours,No
466,Kermy,Edgin,kedgincx@freewebs.com,22-25,Male,more than 20 hours,No
467,Uriel,Weetch,uweetchcy@cnn.com,26+,Male,6-10 hours,No
468,Lanie,Sposito,lspositocz@aboutads.info,22-25,Male,more than 20 hours,No
469,Simmonds,Brooksbank,sbrooksbankd0@imgur.com,18-21,Male,6-10 hours,Yes
470,Justin,Labin,jlabind1@nasa.gov,26+,Male,6-10 hours,Yes
471,Fiann,Shurrock,fshurrockd2@telegraph.co.uk,22-25,Female,6-10 hours,No
472,Amos,Storer,astorerd3@hostgator.com,18-21,Male,None,Yes
473,Berna,Stranaghan,bstranaghand4@sitemeter.com,26+,Female,6-10 hours,No
474,Bartie,Pioch,bpiochd5@twitter.com,18-21,Male,more than 20 hours,Yes
475,Rosella,Iacivelli,riacivellid6@hhs.gov,22-25,Genderqueer,6-10 hours,Yes
476,Alford,Costan,acostand7@geocities.jp,26+,Male,6-10 hours,No
477,Ryun,Lintot,rlintotd8@meetup.com,26+,Male,more than 20 hours,Yes
478,Jacqueline,Origan,jorigand9@tuttocitta.it,18-21,Female,11-20 hours,No
479,Osbourne,Fernely,ofernelyda@dell.com,22-25,Male,more than 20 hours,Yes
480,Katinka,Banasik,kbanasikdb@qq.com,26+,Non-binary,None,No
481,Cherilyn,Cicci,cciccidc@ted.com,18-21,Female,<5 hours,No
482,Lemmy,McCay,lmccaydd@zdnet.com,18-21,Male,None,No
483,Tommie,O'Cahey,tocaheyde@google.fr,18-21,Male,None,Yes
484,Ida,Wrightson,iwrightsondf@diigo.com,22-25,Female,more than 20 hours,No
485,Raleigh,Lomis,rlomisdg@timesonline.co.uk,18-21,Male,11-20 hours,Yes
486,Aliza,Scrinage,ascrinagedh@google.co.uk,18-21,Female,None,No
487,Torrin,Dunston,tdunstondi@jiathis.com,22-25,Bigender,<5 hours,Yes
488,Miriam,Eustace,meustacedj@naver.com,18-21,Female,None,Yes
489,Cacilia,Huggill,chuggilldk@delicious.com,26+,Female,<5 hours,No
490,Lauri,Detheridge,ldetheridgedl@over-blog.com,26+,Female,None,No
491,Sigfried,Hughill,shughilldm@wsj.com,18-21,Male,6-10 hours,Yes
492,Anita,Bolus,abolusdn@shutterfly.com,22-25,Female,more than 20 hours,Yes
493,Claus,Mc Elory,cmcelorydo@51.la,22-25,Male,None,No
494,Harper,Stoakes,hstoakesdp@mashable.com,18-21,Male,None,No
495,Smith,Manifold,smanifolddq@clickbank.net,26+,Bigender,6-10 hours,Yes
496,Angelina,Cortnay,acortnaydr@unblog.fr,26+,Female,<5 hours,No
497,Greggory,Squeers,gsqueersds@flavors.me,26+,Male,<5 hours,Yes
498,Vilma,Ferraro,vferrarodt@squidoo.com,26+,Female,11-20 hours,Yes
499,Robenia,Cahill,rcahilldu@cbsnews.com,22-25,Female,6-10 hours,No
500,Nollie,Bottlestone,nbottlestonedv@house.gov,18-21,Male,11-20 hours,Yes
501,Dell,Edgeon,dedgeondw@networkadvertising.org,26+,Female,<5 hours,No
502,Willamina,Benardet,wbenardetdx@tiny.cc,22-25,Female,more than 20 hours,No
503,Ethelred,MacAne,emacanedy@ox.ac.uk,18-21,Male,11-20 hours,No
504,Ruthy,Runnalls,rrunnallsdz@arizona.edu,22-25,Female,None,No
505,Donnell,Billie,dbilliee0@dagondesign.com,26+,Male,None,No
506,Xavier,Getcliffe,xgetcliffee1@gmpg.org,26+,Male,6-10 hours,No
507,Leeland,Millions,lmillionse2@reuters.com,26+,Male,11-20 hours,Yes
508,Horten,Blowick,hblowicke3@wix.com,18-21,Male,11-20 hours,Yes
509,Fay,Smullen,fsmullene4@lulu.com,18-21,Female,11-20 hours,Yes
510,Leann,Thorrington,lthorringtone5@jigsy.com,26+,Female,None,No
511,Clay,Trusler,ctruslere6@amazon.co.uk,18-21,Male,6-10 hours,Yes
512,Rosmunda,Crisford,rcrisforde7@oracle.com,22-25,Female,more than 20 hours,Yes
513,Petey,Runnacles,prunnaclese8@lulu.com,26+,Male,None,No
514,Claybourne,Zavattero,czavatteroe9@mit.edu,22-25,Male,more than 20 hours,No
515,Kimberly,Pohl,kpohlea@xrea.com,22-25,Female,None,No
516,Adrian,Mapam,amapameb@reference.com,18-21,Male,more than 20 hours,Yes
517,Jeffry,Herety,jheretyec@hud.gov,18-21,Male,<5 hours,No
518,Alida,Foard,afoarded@howstuffworks.com,22-25,Female,6-10 hours,Yes
519,Jacky,Henrionot,jhenrionotee@yellowpages.com,18-21,Male,6-10 hours,No
520,Xenos,Dennington,xdenningtonef@blogs.com,18-21,Male,more than 20 hours,No
521,Cobbie,Tuckie,ctuckieeg@pcworld.com,22-25,Male,6-10 hours,No
522,Javier,Pear,jpeareh@smugmug.com,26+,Male,6-10 hours,No
523,Livvie,Harrie,lharrieei@marriott.com,18-21,Female,None,No
524,Katlin,Duchesne,kduchesneej@123-reg.co.uk,18-21,Female,None,Yes
525,Addison,Giblin,agiblinek@facebook.com,18-21,Male,more than 20 hours,No
526,Lewiss,Conerding,lconerdingel@bigcartel.com,22-25,Male,11-20 hours,Yes
527,Immanuel,Gundrey,igundreyem@si.edu,22-25,Male,<5 hours,No
528,Zarla,Zuan,zzuanen@washingtonpost.com,18-21,Non-binary,more than 20 hours,No
529,Inglis,Heyworth,iheywortheo@biblegateway.com,18-21,Genderqueer,None,No
530,Haslett,Capinetti,hcapinettiep@hc360.com,22-25,Male,more than 20 hours,No
531,Harmonia,Bruinsma,hbruinsmaeq@stanford.edu,26+,Female,None,No
532,Milton,McGinnell,mmcginneller@nasa.gov,26+,Male,<5 hours,Yes
533,Conny,Purdon,cpurdones@youtube.com,22-25,Female,<5 hours,Yes
534,Suzann,Paoli,spaoliet@cnbc.com,26+,Female,<5 hours,Yes
535,Shep,O'Nowlan,sonowlaneu@newsvine.com,18-21,Male,more than 20 hours,Yes
536,Starlin,Byrnes,sbyrnesev@histats.com,22-25,Female,None,No
537,Ulrika,Goffe,ugoffeew@google.com,18-21,Female,11-20 hours,Yes
538,Jeanne,Polycote,jpolycoteex@deliciousdays.com,26+,Female,6-10 hours,Yes
539,Napoleon,Duns,ndunsey@wisc.edu,22-25,Male,11-20 hours,Yes
540,Mortie,Rachuig,mrachuigez@opera.com,26+,Male,None,Yes
541,Erda,Rowswell,erowswellf0@cdbaby.com,26+,Female,more than 20 hours,Yes
542,Giordano,Brocket,gbrocketf1@canalblog.com,22-25,Male,11-20 hours,Yes
543,Raviv,Ellacott,rellacottf2@pen.io,18-21,Male,None,No
544,Walden,Lejeune,wlejeunef3@vistaprint.com,26+,Male,more than 20 hours,Yes
545,Menard,Port,mportf4@wired.com,22-25,Male,None,Yes
546,Bobinette,Bricket,bbricketf5@slate.com,22-25,Female,more than 20 hours,Yes
547,Cornela,Shorte,cshortef6@netvibes.com,26+,Female,6-10 hours,Yes
548,Genna,Satterley,gsatterleyf7@jigsy.com,22-25,Female,more than 20 hours,No
549,Frederick,Dawkes,fdawkesf8@mapy.cz,26+,Male,11-20 hours,No
550,Cirilo,Kimm,ckimmf9@is.gd,18-21,Male,more than 20 hours,No
551,Jess,Bust,jbustfa@accuweather.com,26+,Male,None,Yes
552,Mariya,McCoish,mmccoishfb@blogs.com,18-21,Female,6-10 hours,Yes
553,Astra,Whittall,awhittallfc@state.tx.us,22-25,Female,6-10 hours,Yes
554,Giraldo,Fitzackerley,gfitzackerleyfd@bbb.org,18-21,Male,more than 20 hours,No
555,Zaria,Eicke,zeickefe@miitbeian.gov.cn,22-25,Female,6-10 hours,No
556,Minta,Huett,mhuettff@mapquest.com,26+,Non-binary,6-10 hours,Yes
557,Anneliese,Bax,abaxfg@chron.com,22-25,Female,11-20 hours,No
558,Mariel,Hawford,mhawfordfh@paypal.com,22-25,Female,None,No
559,Bennie,Doughton,bdoughtonfi@free.fr,22-25,Female,<5 hours,Yes
560,Javier,Learned,jlearnedfj@google.ru,26+,Male,<5 hours,No
561,Jeanna,Edmonston,jedmonstonfk@cocolog-nifty.com,26+,Female,None,No
562,Fabio,Hendrichs,fhendrichsfl@java.com,26+,Male,more than 20 hours,No
563,Frants,Lamp,flampfm@merriam-webster.com,22-25,Male,6-10 hours,Yes
564,Liva,Devlin,ldevlinfn@spotify.com,18-21,Female,more than 20 hours,No
565,Kettie,Ohrtmann,kohrtmannfo@timesonline.co.uk,22-25,Female,more than 20 hours,No
566,Adelind,Millimoe,amillimoefp@moonfruit.com,18-21,Genderqueer,<5 hours,No
567,Barrie,Siuda,bsiudafq@un.org,18-21,Male,<5 hours,No
568,Olenka,Engelbrecht,oengelbrechtfr@europa.eu,26+,Female,more than 20 hours,Yes
569,Ellery,McLafferty,emclaffertyfs@skyrock.com,22-25,Male,11-20 hours,Yes
570,Edeline,Salla,esallaft@nature.com,26+,Female,more than 20 hours,No
571,Templeton,Hearthfield,thearthfieldfu@over-blog.com,18-21,Male,<5 hours,Yes
572,Sharl,Bolf,sbolffv@twitpic.com,18-21,Female,more than 20 hours,Yes
573,Davita,Lorrain,dlorrainfw@i2i.jp,22-25,Female,<5 hours,Yes
574,Ransell,Mingasson,rmingassonfx@list-manage.com,22-25,Male,11-20 hours,No
575,Celia,Ivanikhin,civanikhinfy@cnet.com,26+,Female,more than 20 hours,Yes
576,Gretchen,Elgy,gelgyfz@angelfire.com,22-25,Female,11-20 hours,No
577,Filippa,Bilbee,fbilbeeg0@homestead.com,22-25,Female,more than 20 hours,No
578,Danya,Calbreath,dcalbreathg1@comsenz.com,26+,Male,11-20 hours,Yes
579,Terrence,Peatt,tpeattg2@topsy.com,26+,Male,6-10 hours,No
580,Brittni,Dallinder,bdallinderg3@ft.com,22-25,Female,6-10 hours,Yes
581,Inge,Pippin,ipipping4@latimes.com,26+,Female,None,No
582,Tamarra,Scotter,tscotterg5@is.gd,22-25,Bigender,6-10 hours,No
583,Reade,Paule,rpauleg6@washington.edu,22-25,Male,6-10 hours,No
584,Tully,Ivashchenko,tivashchenkog7@over-blog.com,18-21,Male,more than 20 hours,Yes
585,Armand,Archambault,aarchambaultg8@prlog.org,18-21,Non-binary,6-10 hours,No
586,Ag,Matiasek,amatiasekg9@fda.gov,22-25,Female,<5 hours,Yes
587,Louis,Annets,lannetsga@youku.com,18-21,Male,11-20 hours,Yes
588,Chrystal,Capstaff,ccapstaffgb@creativecommons.org,18-21,Non-binary,None,No
589,Wake,Baudy,wbaudygc@live.com,22-25,Male,6-10 hours,Yes
590,Godiva,Vasser,gvassergd@cnet.com,26+,Female,6-10 hours,Yes
591,Latrina,Ismail,lismailge@netlog.com,18-21,Female,more than 20 hours,Yes
592,Verene,Baise,vbaisegf@mac.com,18-21,Female,more than 20 hours,No
593,Wini,Reyner,wreynergg@google.de,18-21,Female,11-20 hours,Yes
594,Richart,Bartalot,rbartalotgh@topsy.com,22-25,Male,6-10 hours,Yes
595,Hart,Archbutt,harchbuttgi@census.gov,22-25,Male,11-20 hours,No
596,Madelle,Yarnold,myarnoldgj@hhs.gov,18-21,Female,more than 20 hours,Yes
597,Daphna,Dent,ddentgk@phoca.cz,22-25,Female,more than 20 hours,No
598,Gilli,Turri,gturrigl@t-online.de,26+,Female,11-20 hours,Yes
599,Arlette,Cassy,acassygm@hud.gov,22-25,Female,<5 hours,Yes
600,Charleen,Surgeoner,csurgeonergn@telegraph.co.uk,18-21,Female,11-20 hours,Yes
601,Luise,Jaggers,ljaggersgo@wsj.com,18-21,Female,<5 hours,No
602,Lanny,Brave,lbravegp@boston.com,18-21,Female,more than 20 hours,No
603,Lee,Spary,lsparygq@economist.com,22-25,Female,11-20 hours,Yes
604,Clair,Ten Broek,ctenbroekgr@technorati.com,22-25,Male,11-20 hours,Yes
605,Janetta,MacLaverty,jmaclavertygs@vistaprint.com,22-25,Female,more than 20 hours,Yes
606,Catherina,Bilbee,cbilbeegt@creativecommons.org,18-21,Female,11-20 hours,No
607,Jillana,Tinsley,jtinsleygu@diigo.com,22-25,Female,<5 hours,No
608,Bentley,Ghest,bghestgv@theglobeandmail.com,22-25,Male,None,No
609,Agnese,Peasgood,apeasgoodgw@tinyurl.com,18-21,Female,more than 20 hours,No
610,Lynnea,McQuie,lmcquiegx@sun.com,22-25,Female,more than 20 hours,Yes
611,Glennie,Wilfing,gwilfinggy@purevolume.com,18-21,Female,6-10 hours,No
612,Joey,Skeemor,jskeemorgz@dailymail.co.uk,22-25,Female,6-10 hours,Yes
613,Vassily,Hourihan,vhourihanh0@cloudflare.com,26+,Male,<5 hours,Yes
614,Lacie,Antwis,lantwish1@sogou.com,18-21,Genderfluid,6-10 hours,Yes
615,Astrix,Kibbel,akibbelh2@psu.edu,22-25,Female,6-10 hours,No
616,Kassandra,McKean,kmckeanh3@reference.com,18-21,Female,11-20 hours,No
617,Laverne,Manklow,lmanklowh4@berkeley.edu,22-25,Female,11-20 hours,Yes
618,Waylen,Vanni,wvannih5@wikia.com,18-21,Male,11-20 hours,Yes
619,Ximenez,Barthel,xbarthelh6@intel.com,18-21,Male,None,No
620,Sammy,Cluely,scluelyh7@dot.gov,18-21,Female,None,Yes
621,Willy,Rickman,wrickmanh8@symantec.com,18-21,Male,6-10 hours,Yes
622,Ashby,Merwe,amerweh9@tinyurl.com,22-25,Male,6-10 hours,No
623,Delano,Bedbrough,dbedbroughha@stumbleupon.com,22-25,Male,more than 20 hours,Yes
624,Shelia,Goodger,sgoodgerhb@photobucket.com,18-21,Female,<5 hours,Yes
625,Norman,Jeger,njegerhc@paginegialle.it,18-21,Genderqueer,11-20 hours,No
626,Annnora,Hopkins,ahopkinshd@booking.com,26+,Polygender,<5 hours,Yes
627,Tildi,Hartland,thartlandhe@discovery.com,26+,Female,None,Yes
628,Isa,Agney,iagneyhf@surveymonkey.com,22-25,Female,11-20 hours,Yes
629,Barbie,Coppard,bcoppardhg@npr.org,26+,Female,more than 20 hours,Yes
630,Andeee,Camell,acamellhh@ovh.net,18-21,Female,6-10 hours,No
631,Neilla,Chirm,nchirmhi@nhs.uk,18-21,Female,<5 hours,Yes
632,Isaiah,Mabbott,imabbotthj@forbes.com,26+,Male,6-10 hours,Yes
633,Jarrod,Emanuelov,jemanuelovhk@addthis.com,22-25,Male,<5 hours,Yes
634,Thomasine,Brawley,tbrawleyhl@cloudflare.com,26+,Genderfluid,6-10 hours,No
635,Nicol,Sillett,nsilletthm@cdc.gov,18-21,Male,None,Yes
636,Reade,Spur,rspurhn@webs.com,18-21,Male,<5 hours,No
637,Britt,Foldes,bfoldesho@europa.eu,26+,Male,<5 hours,No
638,Piggy,Clemendet,pclemendethp@jalbum.net,22-25,Male,11-20 hours,Yes
639,Fae,Reimers,freimershq@npr.org,26+,Female,6-10 hours,Yes
640,Theresina,Slay,tslayhr@infoseek.co.jp,18-21,Female,6-10 hours,No
641,Zorah,Baroux,zbarouxhs@nationalgeographic.com,22-25,Genderqueer,more than 20 hours,Yes
642,Masha,Lau,mlauht@simplemachines.org,18-21,Female,<5 hours,No
643,Earl,Tharme,etharmehu@home.pl,22-25,Male,<5 hours,Yes
644,Caresse,Clemot,cclemothv@epa.gov,22-25,Female,None,No
645,Tommie,Schirach,tschirachhw@zimbio.com,22-25,Male,more than 20 hours,No
646,Karlene,Azam,kazamhx@ezinearticles.com,22-25,Female,11-20 hours,No
647,Delores,Bernardotti,dbernardottihy@nyu.edu,18-21,Female,<5 hours,No
648,Elicia,Briscoe,ebriscoehz@ucoz.com,26+,Female,11-20 hours,No
649,Rona,Matveichev,rmatveichevi0@patch.com,26+,Female,None,Yes
650,Corette,McVee,cmcveei1@addtoany.com,22-25,Female,more than 20 hours,Yes
651,Artemis,Klyn,aklyni2@shinystat.com,26+,Male,<5 hours,Yes
652,Agatha,Stonham,astonhami3@hibu.com,26+,Female,11-20 hours,No
653,Burnard,McGirr,bmcgirri4@ezinearticles.com,18-21,Male,6-10 hours,Yes
654,Arther,Nicholls,anichollsi5@samsung.com,22-25,Male,None,No
655,Kingsley,Creaven,kcreaveni6@purevolume.com,22-25,Male,<5 hours,Yes
656,Cristobal,Groveham,cgrovehami7@4shared.com,26+,Agender,more than 20 hours,Yes
657,Lorinda,Meredyth,lmeredythi8@ca.gov,18-21,Female,11-20 hours,No
658,John,Bindon,jbindoni9@engadget.com,22-25,Male,more than 20 hours,Yes
659,Nerta,Defont,ndefontia@berkeley.edu,26+,Female,None,Yes
660,Orion,Mantripp,omantrippib@tinypic.com,26+,Male,None,No
661,Rebecca,Adkins,radkinsic@upenn.edu,22-25,Female,<5 hours,Yes
662,Wiley,Hapke,whapkeid@blogtalkradio.com,26+,Male,<5 hours,Yes
663,Dora,Tipler,dtiplerie@exblog.jp,18-21,Female,None,No
664,Ranice,Andor,randorif@amazonaws.com,22-25,Female,None,No
665,Tish,MacGiolla Pheadair,tmacgiollapheadairig@yelp.com,22-25,Female,more than 20 hours,Yes
666,Courtnay,Hargreave,chargreaveih@studiopress.com,26+,Bigender,<5 hours,Yes
667,Jaquenette,Brik,jbrikii@dropbox.com,22-25,Female,None,No
668,Dory,Tunsley,dtunsleyij@alibaba.com,22-25,Male,6-10 hours,No
669,Fionnula,Fattore,ffattoreik@shinystat.com,26+,Agender,6-10 hours,No
670,Zachariah,Gallo,zgalloil@fc2.com,26+,Male,None,Yes
671,Venus,Tayler,vtaylerim@bloglines.com,26+,Female,11-20 hours,Yes
672,Sascha,Males,smalesin@oakley.com,22-25,Female,6-10 hours,Yes
673,Aimil,Folkes,afolkesio@constantcontact.com,22-25,Genderqueer,more than 20 hours,Yes
674,Carmencita,Hibling,chiblingip@tmall.com,26+,Female,<5 hours,Yes
675,Ebonee,Siccombe,esiccombeiq@ovh.net,18-21,Female,11-20 hours,No
676,Valentijn,Strothers,vstrothersir@behance.net,26+,Male,more than 20 hours,Yes
677,Niki,Deegan,ndeeganis@youtube.com,26+,Female,more than 20 hours,No
678,Collen,Filby,cfilbyit@tinypic.com,26+,Female,11-20 hours,Yes
679,Audie,Cordet,acordetiu@clickbank.net,22-25,Agender,<5 hours,No
680,Germain,Hutcheon,ghutcheoniv@smh.com.au,18-21,Male,more than 20 hours,No
681,Hi,Austen,hausteniw@shutterfly.com,18-21,Male,more than 20 hours,No
682,Gavin,Hakking,ghakkingix@infoseek.co.jp,26+,Male,None,No
683,Kathrine,Mewis,kmewisiy@arstechnica.com,26+,Female,None,Yes
684,Jami,Tulloch,jtullochiz@amazon.de,18-21,Female,more than 20 hours,No
685,Terrence,Casbourne,tcasbournej0@yale.edu,22-25,Male,None,No
686,Cordelie,Jobbins,cjobbinsj1@nbcnews.com,26+,Female,6-10 hours,Yes
687,Joshia,Guthrie,jguthriej2@msu.edu,26+,Agender,11-20 hours,No
688,Antonia,Curnokk,acurnokkj3@com.com,18-21,Female,None,Yes
689,Joe,Palk,jpalkj4@php.net,18-21,Male,more than 20 hours,Yes
690,Cissy,Byfford,cbyffordj5@netvibes.com,26+,Female,more than 20 hours,Yes
691,Shauna,Currum,scurrumj6@usnews.com,18-21,Female,11-20 hours,Yes
692,Cele,Budd,cbuddj7@amazon.de,18-21,Female,11-20 hours,No
693,Ruddie,Hallgath,rhallgathj8@cam.ac.uk,22-25,Male,6-10 hours,Yes
694,Tammie,Chasles,tchaslesj9@goo.gl,26+,Female,11-20 hours,Yes
695,Lennie,Trevarthen,ltrevarthenja@themeforest.net,22-25,Male,6-10 hours,Yes
696,Cullan,Stanyon,cstanyonjb@last.fm,22-25,Male,<5 hours,Yes
697,Arlin,Macilhench,amacilhenchjc@ovh.net,18-21,Male,None,Yes
698,Taddeusz,Souza,tsouzajd@list-manage.com,18-21,Male,6-10 hours,Yes
699,Agnola,Eagar,aeagarje@feedburner.com,18-21,Female,more than 20 hours,Yes
700,Agace,Dutteridge,adutteridgejf@cornell.edu,26+,Non-binary,11-20 hours,Yes
701,Normand,Jiri,njirijg@desdev.cn,22-25,Male,6-10 hours,Yes
702,Meryl,Mathely,mmathelyjh@npr.org,22-25,Female,<5 hours,Yes
703,Idalia,Noore,inooreji@miitbeian.gov.cn,18-21,Female,None,Yes
704,Stefanie,Geill,sgeilljj@about.com,18-21,Female,11-20 hours,Yes
705,Hobey,Hiscoke,hhiscokejk@pen.io,18-21,Male,11-20 hours,No
706,Marjorie,Clowney,mclowneyjl@rediff.com,26+,Female,None,No
707,Gerek,Alu,galujm@hugedomains.com,22-25,Male,None,Yes
708,Claudina,Courtenay,ccourtenayjn@nyu.edu,18-21,Female,None,Yes
709,Vlad,Kahane,vkahanejo@time.com,18-21,Male,None,Yes
710,Chris,Mc Menamin,cmcmenaminjp@dropbox.com,26+,Female,more than 20 hours,Yes
711,Jeane,Fritter,jfritterjq@de.vu,22-25,Female,None,No
712,Bunnie,Bolgar,bbolgarjr@vkontakte.ru,22-25,Bigender,None,Yes
713,Whitney,McKoy,wmckoyjs@usa.gov,22-25,Male,more than 20 hours,No
714,Dannel,Adamsen,dadamsenjt@mtv.com,26+,Male,None,Yes
715,Anatole,Berthod,aberthodju@hostgator.com,18-21,Male,11-20 hours,No
716,Kiri,Buckhurst,kbuckhurstjv@soundcloud.com,22-25,Female,11-20 hours,No
717,Jethro,Abrahmovici,jabrahmovicijw@edublogs.org,18-21,Genderqueer,6-10 hours,No
718,Stevana,Bone,sbonejx@cisco.com,22-25,Female,11-20 hours,Yes
719,Archibaldo,Salmen,asalmenjy@domainmarket.com,22-25,Male,more than 20 hours,No
720,Batholomew,Terrans,bterransjz@home.pl,22-25,Male,6-10 hours,Yes
721,Ernestus,Naptin,enaptink0@gov.uk,26+,Non-binary,None,Yes
722,Aubrey,Gavigan,agavigank1@wordpress.com,22-25,Male,11-20 hours,No
723,Dari,Pischoff,dpischoffk2@amazon.co.uk,18-21,Female,more than 20 hours,Yes
724,Jodi,Gogin,jgogink3@fema.gov,18-21,Male,None,Yes
725,Cyrille,Maddams,cmaddamsk4@telegraph.co.uk,26+,Agender,6-10 hours,No
726,Shellysheldon,Cafe,scafek5@seattletimes.com,18-21,Male,<5 hours,No
727,Clement,Carlens,ccarlensk6@huffingtonpost.com,26+,Male,11-20 hours,Yes
728,Minni,Fishe,mfishek7@dropbox.com,22-25,Female,more than 20 hours,Yes
729,Grete,Sudworth,gsudworthk8@intel.com,22-25,Female,more than 20 hours,No
730,Fredericka,Brum,fbrumk9@epa.gov,26+,Female,6-10 hours,No
731,Tammy,Jaume,tjaumeka@upenn.edu,18-21,Male,<5 hours,Yes
732,Ulysses,Yaneev,uyaneevkb@dedecms.com,26+,Male,None,No
733,Alie,Hunter,ahunterkc@51.la,26+,Female,more than 20 hours,No
734,Ina,Richardsson,irichardssonkd@pinterest.com,18-21,Female,6-10 hours,Yes
735,Bertram,Matusiak,bmatusiakke@tmall.com,22-25,Male,6-10 hours,Yes
736,Ewart,Lettice,eletticekf@opensource.org,18-21,Male,11-20 hours,Yes
737,Corina,Peel,cpeelkg@digg.com,22-25,Female,6-10 hours,No
738,Tull,Szabo,tszabokh@jimdo.com,22-25,Male,6-10 hours,No
739,Felic,Keijser,fkeijserki@diigo.com,18-21,Male,<5 hours,Yes
740,Keslie,Lofts,kloftskj@lycos.com,26+,Female,None,Yes
741,Lorry,Howton,lhowtonkk@blogger.com,18-21,Male,<5 hours,No
742,Seka,Gason,sgasonkl@ustream.tv,18-21,Female,None,Yes
743,Joe,Andree,jandreekm@oaic.gov.au,18-21,Male,<5 hours,No
744,Bay,Hainning,bhainningkn@archive.org,18-21,Male,None,No
745,Sher,Drewry,sdrewryko@cam.ac.uk,26+,Female,more than 20 hours,Yes
746,Quincey,Rennison,qrennisonkp@mail.ru,22-25,Male,None,No
747,Maddalena,Pinnijar,mpinnijarkq@homestead.com,26+,Female,more than 20 hours,Yes
748,Torre,Savoury,tsavourykr@jigsy.com,22-25,Male,<5 hours,Yes
749,Cary,Bindley,cbindleyks@google.com.au,18-21,Genderqueer,more than 20 hours,No
750,Adrianna,Bridgement,abridgementkt@themeforest.net,18-21,Female,11-20 hours,No
751,Laurena,Martin,lmartinku@ihg.com,22-25,Female,None,Yes
752,Sianna,Antonoczyk,santonoczykkv@163.com,22-25,Female,11-20 hours,Yes
753,Winfield,Cadding,wcaddingkw@ycombinator.com,18-21,Male,6-10 hours,Yes
754,Aharon,Goodley,agoodleykx@answers.com,22-25,Male,11-20 hours,No
755,Ilsa,Lube,ilubeky@answers.com,18-21,Female,more than 20 hours,Yes
756,Jere,Lapley,jlapleykz@networksolutions.com,22-25,Male,6-10 hours,No
757,Federico,Allison,fallisonl0@google.ru,22-25,Male,<5 hours,Yes
758,Lib,Kellert,lkellertl1@tuttocitta.it,22-25,Female,more than 20 hours,Yes
759,Rhona,Cabera,rcaberal2@sciencedaily.com,26+,Female,None,Yes
760,Lindsey,Gudger,lgudgerl3@com.com,26+,Female,<5 hours,Yes
761,Ferdinande,Redgate,fredgatel4@elegantthemes.com,22-25,Female,more than 20 hours,No
762,Hazlett,Oldknowe,holdknowel5@example.com,26+,Male,more than 20 hours,No
763,Frank,Bayley,fbayleyl6@facebook.com,26+,Male,11-20 hours,Yes
764,Loria,Satterly,lsatterlyl7@moonfruit.com,26+,Female,6-10 hours,No
765,Emyle,Birrell,ebirrelll8@fastcompany.com,22-25,Female,11-20 hours,Yes
766,Neall,Innerstone,ninnerstonel9@archive.org,22-25,Male,more than 20 hours,Yes
767,Justina,Hames,jhamesla@dagondesign.com,18-21,Female,<5 hours,No
768,Aurelia,Menghi,amenghilb@noaa.gov,22-25,Female,6-10 hours,No
769,Rowe,Cahill,rcahilllc@pen.io,26+,Female,more than 20 hours,No
770,Lorri,Burchall,lburchallld@rediff.com,18-21,Female,6-10 hours,Yes
771,Cindy,Magne,cmagnele@sakura.ne.jp,22-25,Female,None,No
772,Greta,Kynder,gkynderlf@zdnet.com,26+,Female,6-10 hours,Yes
773,Lilias,Van Dijk,lvandijklg@hubpages.com,22-25,Bigender,more than 20 hours,Yes
774,Bren,Cejka,bcejkalh@constantcontact.com,26+,Male,None,No
775,Berenice,Kraft,bkraftli@csmonitor.com,18-21,Female,<5 hours,No
776,Banky,Ambrosetti,bambrosettilj@spiegel.de,22-25,Male,more than 20 hours,No
777,Stinky,Guisot,sguisotlk@ucsd.edu,26+,Male,more than 20 hours,Yes
778,Minda,Vose,mvosell@nsw.gov.au,18-21,Female,more than 20 hours,No
779,Lodovico,Acom,lacomlm@myspace.com,22-25,Male,6-10 hours,No
780,Tommie,Nethercott,tnethercottln@nsw.gov.au,22-25,Female,more than 20 hours,Yes
781,Bartram,Del Dello,bdeldellolo@mediafire.com,26+,Male,more than 20 hours,No
782,Anett,Thraves,athraveslp@ucsd.edu,18-21,Female,None,Yes
783,Angeline,Spennock,aspennocklq@smugmug.com,26+,Female,more than 20 hours,No
784,Noel,Melonby,nmelonbylr@com.com,22-25,Female,6-10 hours,No
785,Rhody,Chatan,rchatanls@wikispaces.com,22-25,Female,more than 20 hours,No
786,Gerianne,Lang,glanglt@cdbaby.com,26+,Female,None,No
787,Imojean,Winwright,iwinwrightlu@home.pl,18-21,Female,None,Yes
788,Clea,Fickling,cficklinglv@1und1.de,22-25,Non-binary,more than 20 hours,No
789,Read,Langhor,rlanghorlw@guardian.co.uk,26+,Polygender,None,Yes
790,Issiah,Proven,iprovenlx@sbwire.com,22-25,Male,6-10 hours,Yes
791,Yalonda,Sherbrooke,ysherbrookely@uiuc.edu,18-21,Female,<5 hours,Yes
792,Omero,McCombe,omccombelz@nbcnews.com,18-21,Male,<5 hours,Yes
793,Oates,Swinerd,oswinerdm0@berkeley.edu,22-25,Male,11-20 hours,No
794,Basilio,Pittle,bpittlem1@chronoengine.com,18-21,Male,more than 20 hours,Yes
795,Pauletta,Pringell,ppringellm2@trellian.com,22-25,Female,11-20 hours,Yes
796,Ev,Powe,epowem3@home.pl,22-25,Male,11-20 hours,No
797,Angelica,Parnell,aparnellm4@huffingtonpost.com,22-25,Female,11-20 hours,No
798,Lorenzo,O'Carran,locarranm5@ycombinator.com,26+,Male,None,No
799,Gwenore,Niche,gnichem6@addthis.com,22-25,Female,6-10 hours,Yes
800,Amalee,Dugue,aduguem7@rambler.ru,18-21,Bigender,None,No
801,Tomasina,Blackshaw,tblackshawm8@unblog.fr,18-21,Female,11-20 hours,Yes
802,Lynea,Saffell,lsaffellm9@imageshack.us,26+,Female,11-20 hours,No
803,Allard,Preddy,apreddyma@sciencedirect.com,22-25,Male,<5 hours,No
804,Gratiana,Cragell,gcragellmb@theglobeandmail.com,22-25,Female,6-10 hours,No
805,Ruggiero,Hakewell,rhakewellmc@so-net.ne.jp,26+,Male,<5 hours,No
806,Lenee,Brister,lbristermd@mail.ru,18-21,Female,11-20 hours,Yes
807,Gabriell,Cruces,gcrucesme@unc.edu,18-21,Female,11-20 hours,No
808,Corissa,Luety,cluetymf@tripadvisor.com,18-21,Female,more than 20 hours,No
809,Avram,Belham,abelhammg@netscape.com,18-21,Bigender,<5 hours,No
810,Kerwin,Skeldinge,kskeldingemh@google.ru,22-25,Genderqueer,None,Yes
811,Langston,Smurfit,lsmurfitmi@salon.com,18-21,Male,<5 hours,No
812,Hattie,Suscens,hsuscensmj@patch.com,18-21,Female,11-20 hours,Yes
813,Herc,L' Anglois,hlangloismk@instagram.com,18-21,Male,<5 hours,Yes
814,Briny,Benbough,bbenboughml@ihg.com,18-21,Female,None,Yes
815,Haskell,Blanckley,hblanckleymm@umich.edu,18-21,Male,more than 20 hours,No
816,Paxton,Brakewell,pbrakewellmn@oracle.com,22-25,Male,more than 20 hours,Yes
817,Shadow,Duxfield,sduxfieldmo@sciencedirect.com,18-21,Agender,<5 hours,Yes
818,Wolfy,Vernazza,wvernazzamp@freewebs.com,26+,Male,11-20 hours,Yes
819,Piggy,Gurys,pgurysmq@hp.com,18-21,Male,11-20 hours,Yes
820,Sigfrid,Derycot,sderycotmr@va.gov,26+,Genderfluid,6-10 hours,Yes
821,Bartolemo,Dixcey,bdixceyms@aboutads.info,22-25,Male,<5 hours,No
822,Erskine,Gut,egutmt@photobucket.com,22-25,Male,6-10 hours,No
823,Leoine,Guerrero,lguerreromu@cam.ac.uk,18-21,Female,None,No
824,Barthel,Lindup,blindupmv@columbia.edu,22-25,Male,<5 hours,Yes
825,Paddie,Champerlen,pchamperlenmw@storify.com,18-21,Male,11-20 hours,No
826,Woodman,Arnald,warnaldmx@usa.gov,18-21,Male,<5 hours,Yes
827,Artie,Paintain,apaintainmy@github.com,22-25,Male,None,No
828,Arlana,Batte,abattemz@bigcartel.com,22-25,Genderfluid,more than 20 hours,No
829,Chucho,Streetfield,cstreetfieldn0@symantec.com,18-21,Male,more than 20 hours,Yes
830,Nanice,Kenworthey,nkenwortheyn1@salon.com,22-25,Female,<5 hours,No
831,Hatti,Donwell,hdonwelln2@ft.com,22-25,Female,None,No
832,Anabella,Santus,asantusn3@mayoclinic.com,18-21,Female,more than 20 hours,Yes
833,Tomasina,Ladbrook,tladbrookn4@google.nl,22-25,Female,11-20 hours,Yes
834,Howie,Knipe,hknipen5@msn.com,26+,Male,<5 hours,Yes
835,Franklyn,Widdall,fwiddalln6@boston.com,18-21,Agender,11-20 hours,Yes
836,Shelley,Perrigo,sperrigon7@ucla.edu,22-25,Male,6-10 hours,Yes
837,Hoyt,Kowalik,hkowalikn8@naver.com,22-25,Male,11-20 hours,No
838,Vic,Choake,vchoaken9@mlb.com,18-21,Male,more than 20 hours,Yes
839,Xena,Fairbrace,xfairbracena@phoca.cz,18-21,Female,<5 hours,Yes
840,Gaye,Organ,gorgannb@arizona.edu,18-21,Female,11-20 hours,Yes
841,Nisse,Bienvenu,nbienvenunc@linkedin.com,18-21,Female,more than 20 hours,No
842,Sheila,Murison,smurisonnd@clickbank.net,18-21,Female,11-20 hours,No
843,Josee,Klulik,jklulikne@abc.net.au,22-25,Female,None,No
844,Cassius,Woofendell,cwoofendellnf@gravatar.com,18-21,Male,<5 hours,No
845,Jamesy,Coull,jcoullng@utexas.edu,18-21,Male,<5 hours,Yes
846,Annora,Mulberry,amulberrynh@icq.com,18-21,Female,<5 hours,Yes
847,Guillemette,Crease,gcreaseni@tuttocitta.it,26+,Female,11-20 hours,No
848,Brooks,Maddox,bmaddoxnj@amazonaws.com,26+,Female,<5 hours,No
849,Sephira,Fisher,sfishernk@gizmodo.com,26+,Female,6-10 hours,No
850,Irma,Guesford,iguesfordnl@census.gov,18-21,Female,more than 20 hours,No
851,Olga,Bentz,obentznm@simplemachines.org,18-21,Female,<5 hours,No
852,Werner,Simms,wsimmsnn@icq.com,26+,Male,6-10 hours,Yes
853,Aurelea,Mardoll,amardollno@webnode.com,26+,Female,6-10 hours,Yes
854,Mahmud,Letessier,mletessiernp@tamu.edu,26+,Male,more than 20 hours,Yes
855,Nehemiah,Logsdale,nlogsdalenq@tiny.cc,26+,Male,<5 hours,Yes
856,Roz,Vazquez,rvazqueznr@ow.ly,22-25,Female,None,Yes
857,Lolly,Duham,lduhamns@dot.gov,26+,Female,11-20 hours,No
858,Colline,Farenden,cfarendennt@sciencedaily.com,18-21,Female,11-20 hours,Yes
859,Giovanni,Ricco,gricconu@adobe.com,18-21,Male,more than 20 hours,No
860,Joline,Cowl,jcowlnv@mediafire.com,18-21,Female,6-10 hours,No
861,Monti,McPhelim,mmcphelimnw@sogou.com,22-25,Male,11-20 hours,No
862,Jackie,Kersting,jkerstingnx@washingtonpost.com,26+,Female,None,No
863,Molly,Hugenin,mhugeninny@hp.com,26+,Female,<5 hours,No
864,Kenny,Skittle,kskittlenz@bravesites.com,22-25,Male,None,No
865,Cart,Willison,cwillisono0@phoca.cz,22-25,Male,None,Yes
866,Ginevra,Novak,gnovako1@meetup.com,18-21,Polygender,6-10 hours,No
867,Lurline,Edinboro,ledinboroo2@nsw.gov.au,22-25,Female,None,No
868,Gregor,Carbonell,gcarbonello3@sbwire.com,22-25,Male,more than 20 hours,No
869,Elysee,Mansour,emansouro4@google.ru,26+,Female,11-20 hours,No
870,Dominique,Kleyn,dkleyno5@tiny.cc,26+,Genderfluid,6-10 hours,Yes
871,Nichole,Wogdon,nwogdono6@merriam-webster.com,26+,Female,11-20 hours,No
872,Gasper,Pentland,gpentlando7@over-blog.com,18-21,Male,None,No
873,Norri,O'Tierney,notierneyo8@baidu.com,18-21,Female,6-10 hours,Yes
874,Sherman,Lindenfeld,slindenfeldo9@harvard.edu,18-21,Male,11-20 hours,Yes
875,Natalina,Alflatt,nalflattoa@t-online.de,26+,Female,more than 20 hours,Yes
876,Rosalind,Winear,rwinearob@google.com.au,22-25,Female,6-10 hours,Yes
877,Blair,Cranfield,bcranfieldoc@utexas.edu,22-25,Male,more than 20 hours,Yes
878,Bone,Dumblton,bdumbltonod@hibu.com,22-25,Male,<5 hours,Yes
879,Manya,Drogan,mdroganoe@reuters.com,18-21,Female,6-10 hours,No
880,Charil,Boughtflower,cboughtflowerof@nps.gov,26+,Female,more than 20 hours,Yes
881,Toby,Frye,tfryeog@hhs.gov,26+,Male,<5 hours,Yes
882,Simone,Kyberd,skyberdoh@cbsnews.com,18-21,Male,6-10 hours,Yes
883,Renado,Mordon,rmordonoi@jiathis.com,18-21,Male,11-20 hours,Yes
884,Noellyn,Arrault,narraultoj@washingtonpost.com,26+,Bigender,None,Yes
885,Seamus,Polden,spoldenok@independent.co.uk,22-25,Male,11-20 hours,No
886,Gael,Dodle,gdodleol@prnewswire.com,26+,Male,None,No
887,Lori,Feldstern,lfeldsternom@live.com,18-21,Female,<5 hours,Yes
888,Jamill,Nesey,jneseyon@smh.com.au,26+,Genderfluid,11-20 hours,Yes
889,Sheelagh,Vaszoly,svaszolyoo@ycombinator.com,26+,Genderqueer,None,Yes
890,Manon,Foxton,mfoxtonop@loc.gov,18-21,Bigender,<5 hours,Yes
891,Kennith,Manuel,kmanueloq@shutterfly.com,26+,Male,11-20 hours,Yes
892,Rori,Acklands,racklandsor@nationalgeographic.com,18-21,Female,6-10 hours,No
893,Rebecca,Bewshea,rbewsheaos@springer.com,26+,Female,more than 20 hours,Yes
894,Isiahi,Livezey,ilivezeyot@blogger.com,26+,Male,6-10 hours,Yes
895,Mal,Striker,mstrikerou@skype.com,18-21,Non-binary,<5 hours,Yes
896,Shepperd,Water,swaterov@bing.com,18-21,Male,6-10 hours,Yes
897,Norine,Thrustle,nthrustleow@quantcast.com,18-21,Female,<5 hours,Yes
898,Nikolaus,Ickov,nickovox@bigcartel.com,18-21,Male,None,No
899,Erika,Le Fevre,elefevreoy@geocities.com,22-25,Female,<5 hours,No
900,Merle,Rodger,mrodgeroz@bravesites.com,26+,Female,<5 hours,No
901,Bobette,Bridywater,bbridywaterp0@51.la,22-25,Female,11-20 hours,No
902,Romeo,Burtwistle,rburtwistlep1@technorati.com,18-21,Genderqueer,6-10 hours,Yes
903,Rahel,Drage,rdragep2@nyu.edu,26+,Female,11-20 hours,Yes
904,Kermit,Scheffler,kschefflerp3@chronoengine.com,26+,Male,None,No
905,Erskine,Soutar,esoutarp4@soundcloud.com,26+,Male,6-10 hours,No
906,Elinor,Calow,ecalowp5@oaic.gov.au,26+,Female,6-10 hours,No
907,Werner,Penwright,wpenwrightp6@hao123.com,18-21,Male,<5 hours,No
908,Nev,Cardoe,ncardoep7@last.fm,22-25,Male,None,No
909,Willy,Hendrichs,whendrichsp8@google.com,18-21,Male,None,Yes
910,Wendell,MacCarlich,wmaccarlichp9@rambler.ru,26+,Male,11-20 hours,No
911,Leland,Marshfield,lmarshfieldpa@cornell.edu,18-21,Male,<5 hours,No
912,Hewie,Strathdee,hstrathdeepb@goo.gl,18-21,Male,6-10 hours,No
913,Daron,Rickett,drickettpc@youtu.be,26+,Female,more than 20 hours,Yes
914,Vance,Santos,vsantospd@ibm.com,22-25,Male,11-20 hours,No
915,Aubert,Darinton,adarintonpe@w3.org,18-21,Male,11-20 hours,No
916,Alejandrina,Mehmet,amehmetpf@twitter.com,26+,Female,None,Yes
917,Gnni,Telezhkin,gtelezhkinpg@who.int,18-21,Bigender,None,No
918,Orlando,Kaemena,okaemenaph@shareasale.com,26+,Male,None,Yes
919,Minette,Karolovsky,mkarolovskypi@weebly.com,22-25,Genderfluid,11-20 hours,Yes
920,Brena,Abramow,babramowpj@toplist.cz,26+,Female,more than 20 hours,Yes
921,Shena,Hars,sharspk@simplemachines.org,26+,Female,None,Yes
922,Blanca,Mayou,bmayoupl@hhs.gov,22-25,Female,6-10 hours,Yes
923,Howie,Milkeham,hmilkehampm@ebay.com,26+,Polygender,more than 20 hours,Yes
924,Katina,Leverett,kleverettpn@nba.com,18-21,Female,11-20 hours,No
925,Helene,MacAne,hmacanepo@spotify.com,22-25,Female,None,Yes
926,Gregorius,Tynan,gtynanpp@mail.ru,18-21,Male,more than 20 hours,Yes
927,Kingston,Cleugher,kcleugherpq@e-recht24.de,22-25,Non-binary,6-10 hours,No
928,Carmelina,Makinson,cmakinsonpr@google.fr,18-21,Female,None,No
929,Meredeth,Lawtie,mlawtieps@comsenz.com,22-25,Male,<5 hours,Yes
930,Borg,Kyd,bkydpt@hugedomains.com,26+,Male,6-10 hours,Yes
931,Clement,Sennett,csennettpu@sina.com.cn,18-21,Male,None,No
932,Byron,Realy,brealypv@delicious.com,26+,Male,11-20 hours,No
933,Bevvy,Knowlton,bknowltonpw@independent.co.uk,18-21,Female,6-10 hours,No
934,Sal,Thyng,sthyngpx@usnews.com,26+,Female,11-20 hours,Yes
935,Jane,Zipsell,jzipsellpy@altervista.org,18-21,Female,None,Yes
936,Susanna,Biglin,sbiglinpz@woothemes.com,18-21,Female,more than 20 hours,No
937,Trumann,Clover,tcloverq0@answers.com,26+,Male,11-20 hours,No
938,Jared,Dawkes,jdawkesq1@boston.com,26+,Male,None,No
939,Ebeneser,Duckett,educkettq2@slashdot.org,22-25,Male,11-20 hours,No
940,Dynah,Deverall,ddeverallq3@github.io,22-25,Female,<5 hours,No
941,Alfredo,Bidgood,abidgoodq4@pcworld.com,22-25,Male,6-10 hours,Yes
942,Carlo,Dalliston,cdallistonq5@ehow.com,26+,Male,<5 hours,Yes
943,Neddie,Scapens,nscapensq6@constantcontact.com,26+,Male,<5 hours,Yes
944,Renato,Gilfether,rgilfetherq7@intel.com,26+,Male,<5 hours,Yes
945,Pernell,Deam,pdeamq8@slideshare.net,18-21,Male,6-10 hours,Yes
946,Kerstin,Machent,kmachentq9@dailymotion.com,26+,Female,<5 hours,Yes
947,Fabio,Roussel,frousselqa@businessinsider.com,18-21,Male,11-20 hours,No
948,Alexandre,Sherborn,asherbornqb@phpbb.com,18-21,Polygender,more than 20 hours,Yes
949,Ardella,Stoker,astokerqc@blogtalkradio.com,18-21,Female,11-20 hours,Yes
950,Helenka,Schulze,hschulzeqd@imdb.com,22-25,Female,11-20 hours,No
951,Darcy,Simenot,dsimenotqe@macromedia.com,22-25,Male,6-10 hours,No
952,Mercie,Onraet,monraetqf@twitpic.com,18-21,Female,more than 20 hours,Yes
953,Viviana,Sabine,vsabineqg@japanpost.jp,18-21,Female,None,No
954,Raquela,Stacey,rstaceyqh@people.com.cn,18-21,Female,6-10 hours,No
955,Ailey,Chalk,achalkqi@yolasite.com,22-25,Female,None,Yes
956,Ardith,Sproson,asprosonqj@guardian.co.uk,26+,Female,<5 hours,Yes
957,Cyndia,Corneil,ccorneilqk@yelp.com,18-21,Female,11-20 hours,Yes
958,Morena,Josham,mjoshamql@bloglines.com,18-21,Female,None,Yes
959,Niels,Knocker,nknockerqm@google.ca,26+,Male,6-10 hours,No
960,Clay,Lavin,clavinqn@dailymail.co.uk,22-25,Polygender,None,No
961,Jeffy,De Wolfe,jdewolfeqo@mtv.com,18-21,Male,<5 hours,Yes
962,Rawley,Klimaszewski,rklimaszewskiqp@phpbb.com,26+,Male,6-10 hours,Yes
963,Alessandra,O' Mulderrig,aomulderrigqq@sbwire.com,18-21,Female,None,Yes
964,Gabey,MacPeice,gmacpeiceqr@blogtalkradio.com,18-21,Female,None,Yes
965,Modesta,Spieck,mspieckqs@nbcnews.com,18-21,Female,6-10 hours,No
966,Anatola,Gorick,agorickqt@umn.edu,26+,Female,6-10 hours,Yes
967,Ezekiel,Rignall,erignallqu@quantcast.com,18-21,Male,6-10 hours,Yes
968,Merola,Pettis,mpettisqv@freewebs.com,22-25,Female,more than 20 hours,Yes
969,Robers,Sabattier,rsabattierqw@youtu.be,26+,Male,<5 hours,No
970,Bryce,Redington,bredingtonqx@topsy.com,22-25,Male,6-10 hours,No
971,Worth,Labitt,wlabittqy@npr.org,18-21,Male,6-10 hours,No
972,Roxanne,Davitt,rdavittqz@artisteer.com,18-21,Female,11-20 hours,Yes
973,Caro,Hulstrom,chulstromr0@dion.ne.jp,26+,Non-binary,6-10 hours,Yes
974,Toni,Silversmid,tsilversmidr1@github.com,26+,Female,more than 20 hours,No
975,Ingeborg,Scally,iscallyr2@livejournal.com,22-25,Female,more than 20 hours,Yes
976,Bastian,Cockett,bcockettr3@cornell.edu,22-25,Male,None,No
977,Veronike,Wrate,vwrater4@buzzfeed.com,18-21,Female,more than 20 hours,No
978,Sophia,Tiller,stillerr5@booking.com,22-25,Female,<5 hours,No
979,Rodd,Maffini,rmaffinir6@nps.gov,22-25,Male,6-10 hours,Yes
980,Koralle,Soar,ksoarr7@parallels.com,18-21,Female,more than 20 hours,Yes
981,Leighton,Shergill,lshergillr8@jimdo.com,18-21,Male,None,No
982,Wyatt,Melmore,wmelmorer9@wikimedia.org,18-21,Male,None,Yes
983,Rod,Lamerton,rlamertonra@livejournal.com,22-25,Bigender,None,Yes
984,Guy,Pressdee,gpressdeerb@edublogs.org,22-25,Male,more than 20 hours,Yes
985,Verina,MacCracken,vmaccrackenrc@indiatimes.com,26+,Female,None,Yes
986,Romeo,Olivet,rolivetrd@princeton.edu,18-21,Male,11-20 hours,No
987,Aurea,Mcwhinney,amcwhinneyre@uiuc.edu,18-21,Female,more than 20 hours,Yes
988,Solomon,Stonhewer,sstonhewerrf@zdnet.com,18-21,Male,6-10 hours,Yes
989,Mab,Fowler,mfowlerrg@youtu.be,22-25,Female,6-10 hours,No
990,Haywood,Lisciardelli,hlisciardellirh@mayoclinic.com,26+,Male,more than 20 hours,Yes
991,Mervin,Denman,mdenmanri@princeton.edu,26+,Male,<5 hours,No
992,Ardyth,Walcot,awalcotrj@prweb.com,22-25,Female,6-10 hours,No
993,Ailsun,Vasilchenko,avasilchenkork@zimbio.com,18-21,Female,11-20 hours,Yes
994,Ancell,Earpe,aearperl@bizjournals.com,18-21,Male,6-10 hours,Yes
995,Filide,Peddersen,fpeddersenrm@ebay.com,22-25,Female,<5 hours,No
996,Tessi,Woolner,twoolnerrn@networksolutions.com,22-25,Female,more than 20 hours,Yes
997,Selig,McMakin,smcmakinro@creativecommons.org,26+,Male,6-10 hours,Yes
998,Adelina,Goldsbury,agoldsburyrp@tripod.com,26+,Female,11-20 hours,Yes
999,Garv,Rowe,growerq@nsw.gov.au,18-21,Male,<5 hours,No
1000,Kimmie,Cowser,kcowserrr@wsj.com,18-21,Female,6-10 hours,Yes
